referencia,valor,footprint,estado,limites_originais,pads
Z2,1.5KE510CA,oneTesla:D_DO201AD_P14.732_ReviewPending,Corpo/polaridade recentrados; modelo personalizado explícito; MPN/encaixe pendentes,"DNP no esquema mas não no PCB; F08. Pitch real14.732, nome15.24; TVS não substitui clamp gate-emitter","[{""numero"": ""1"", ""at"": [""-7.366"", ""0"", ""180""], ""drill"": [""1.1""], ""net"": ""/SW_NODE""}, {""numero"": ""2"", ""at"": [""7.366"", ""0"", ""180""], ""drill"": [""1.1""], ""net"": ""/DC_MINUS""}]"
P1,PRIMARIO A,oneTesla:Primary_Terminal_M6_CONFIRMAR,Sem alteração de geometria; pendências da auditoria mantidas,"Nome M6 incompatível com furo2.2: geometria para fio, não para parafuso M6; corpo genérico interfere CT; F02","[{""numero"": ""1"", ""at"": [""0"", ""0""], ""drill"": [""2.2""], ""net"": ""Net-(CPR1-Pad2)""}]"
D1,1N4148,oneTesla:D_DO-35_SOD27_P7.62mm_Horizontal,Sem alteração de geometria; pendências da auditoria mantidas,DO35 P7.62 genérico; conferir MPN e faixa de cátodo na montagem,"[{""numero"": ""1"", ""at"": [""0"", ""0""], ""drill"": [""0.8""], ""net"": ""Net-(D1-K)""}, {""numero"": ""2"", ""at"": [""7.62"", ""0""], ""drill"": [""0.8""], ""net"": ""GND""}]"
C10,680u 35V,oneTesla:CP_D12.5_P3.556_ReviewPending,Corpo/polaridade recentrados; modelo personalizado explícito; MPN/encaixe pendentes,Pendente MPN: pitch real 3.556 versus nome 5; corpo/silk deslocados 2.5 mm; F02,"[{""numero"": ""1"", ""at"": [""-1.778"", ""0""], ""drill"": [""0.8128""], ""net"": ""+15V""}, {""numero"": ""2"", ""at"": [""1.778"", ""0""], ""drill"": [""0.8128""], ""net"": ""GND""}]"
C12,1000u 200V,oneTesla:CP_D30_P10.16_ReviewPending,Corpo/polaridade recentrados; modelo personalizado explícito; MPN/encaixe pendentes,"REPROVADO envelope D30: centros distam 26.035 mm, sobreposição 3.965 mm; F03. Pitch 10.16, MPN desconhecido","[{""numero"": ""1"", ""at"": [""-5.08"", ""0""], ""drill"": [""2""], ""net"": ""/DC_PLUS""}, {""numero"": ""2"", ""at"": [""5.08"", ""0""], ""drill"": [""2""], ""net"": ""/DC_MID""}]"
R2,1k,oneTesla:R_Axial_DIN0207_L6.3mm_D2.5mm_P7.62mm_Horizontal,Sem alteração de geometria; pendências da auditoria mantidas,DIN0207 P7.62 coerente genericamente; conferir potência/tolerância/corpo MPN; R4 amortecimento GDT depende de ensaio,"[{""numero"": ""1"", ""at"": [""0"", ""0""], ""drill"": [""0.8""], ""net"": ""/OPTICAL_OUT""}, {""numero"": ""2"", ""at"": [""7.62"", ""0""], ""drill"": [""0.8""], ""net"": ""Net-(IC1-Pad13)""}]"
C6,1u,oneTesla:C_Disc_D7.5mm_W2.5mm_P5.00mm,Sem alteração de geometria; pendências da auditoria mantidas,"Disco P5, furos/pads inventariados; dielétrico/tensão/ESL/MPN desconhecidos; C4 deve suportar corrente do GDT","[{""numero"": ""1"", ""at"": [""0"", ""0""], ""drill"": [""1""], ""net"": ""+15V""}, {""numero"": ""2"", ""at"": [""5"", ""0""], ""drill"": [""1""], ""net"": ""GND""}]"
C9,100u 10V,oneTesla:CP_D8_P2.54_ReviewPending,Corpo/polaridade recentrados; modelo personalizado explícito; MPN/encaixe pendentes,Pendente MPN: pitch real 2.54 versus nome 3.50; F02. C9 em +5 V; C8/C13 em +15 V,"[{""numero"": ""1"", ""at"": [""-1.27"", ""0""], ""drill"": [""0.8128""], ""net"": ""+5V""}, {""numero"": ""2"", ""at"": [""1.27"", ""0""], ""drill"": [""0.8128""], ""net"": ""GND""}]"
J110,Jumper 110V,oneTesla:J110_WireLink_P10.16mm,Sem alteração de geometria; pendências da auditoria mantidas,P10.16 furo2.2; jumper deve ter corrente/isolação especificados e intertravamento/rotulagem; nunca selecionar fechado em220,"[{""numero"": ""1"", ""at"": [""-5.08"", ""0""], ""drill"": [""2.2""], ""net"": ""/AC_N""}, {""numero"": ""2"", ""at"": [""5.08"", ""0""], ""drill"": [""2.2""], ""net"": ""/DC_MID""}]"
SEM_REF_10,,oneTesla:MountingHole_D4.0,Sem alteração de geometria; pendências da auditoria mantidas,Furo mecânico: posição preservada; conjunto pendente,"[{""numero"": """", ""at"": [""0"", ""0""], ""drill"": [""4""], ""net"": """"}]"
R3,10k,oneTesla:R_Axial_DIN0207_L6.3mm_D2.5mm_P7.62mm_Horizontal,Sem alteração de geometria; pendências da auditoria mantidas,DIN0207 P7.62 coerente genericamente; conferir potência/tolerância/corpo MPN; R4 amortecimento GDT depende de ensaio,"[{""numero"": ""1"", ""at"": [""0"", ""0""], ""drill"": [""0.8""], ""net"": ""Net-(D1-K)""}, {""numero"": ""2"", ""at"": [""7.62"", ""0""], ""drill"": [""0.8""], ""net"": ""Net-(IC1-Pad13)""}]"
R5,100k 0.5W,oneTesla:R_L9_P10.16_ReviewPending,Corpo/polaridade recentrados; modelo personalizado explícito; MPN/encaixe pendentes,"Pendente MPN 0.5 W: pitch real 10.16, nome 12.70; fab/silk não recentrados; F02","[{""numero"": ""1"", ""at"": [""-5.08"", ""0""], ""drill"": [""0.8128""], ""net"": ""/DC_PLUS""}, {""numero"": ""2"", ""at"": [""5.08"", ""0""], ""drill"": [""0.8128""], ""net"": ""/DC_MID""}]"
JPRT1,,oneTesla:Ring_D6_D3.81,Sem alteração de geometria; pendências da auditoria mantidas,Extras PCB sem símbolo nem footprint biblioteca; anel D6 furo3.81; retenção/corrente/uso devem ser documentados,"[{""numero"": ""1"", ""at"": [""0"", ""0""], ""drill"": [""3.81""], ""net"": ""/DC_MID""}]"
IC3,UCC37321P,oneTesla:DIP-8_W7.62mm_Socket_LongPads,Sem alteração de geometria; pendências da auditoria mantidas,"PDIP8 P2.54 W7.62 coerente; soquete exato pendente; TI recomenda desacoplamento em ambos pares VDD/GND, não comprovado nesta geometria","[{""numero"": ""1"", ""at"": [""0"", ""0""], ""drill"": [""0.8128""], ""net"": ""+15V""}, {""numero"": ""2"", ""at"": [""0"", ""2.54""], ""drill"": [""0.8128""], ""net"": ""Net-(IC3-IN)""}, {""numero"": ""3"", ""at"": [""0"", ""5.08""], ""drill"": [""0.8128""], ""net"": ""/DRIVE_ENABLE""}, {""numero"": ""4"", ""at"": [""0"", ""7.62""], ""drill"": [""0.8128""], ""net"": ""GND""}, {""numero"": ""5"", ""at"": [""7.62"", ""7.62""], ""drill"": [""0.8128""], ""net"": ""GND""}, {""numero"": ""6"", ""at"": [""7.62"", ""5.08""], ""drill"": [""0.8128""], ""net"": ""Net-(IC3-OUT-Pad6)""}, {""numero"": ""7"", ""at"": [""7.62"", ""2.54""], ""drill"": [""0.8128""], ""net"": ""Net-(IC3-OUT-Pad6)""}, {""numero"": ""8"", ""at"": [""7.62"", ""0""], ""drill"": [""0.8128""], ""net"": ""+15V""}]"
C8,100u 25V,oneTesla:CP_D8_P2.54_ReviewPending,Corpo/polaridade recentrados; modelo personalizado explícito; MPN/encaixe pendentes,Pendente MPN: pitch real 2.54 versus nome 3.50; F02. C9 em +5 V; C8/C13 em +15 V,"[{""numero"": ""1"", ""at"": [""-1.27"", ""0""], ""drill"": [""0.8128""], ""net"": ""+15V""}, {""numero"": ""2"", ""at"": [""1.27"", ""0""], ""drill"": [""0.8128""], ""net"": ""GND""}]"
C4,1u,oneTesla:C_Disc_D7.5mm_W2.5mm_P5.00mm,Sem alteração de geometria; pendências da auditoria mantidas,"Disco P5, furos/pads inventariados; dielétrico/tensão/ESL/MPN desconhecidos; C4 deve suportar corrente do GDT","[{""numero"": ""1"", ""at"": [""0"", ""0""], ""drill"": [""1""], ""net"": ""Net-(C4-Pad1)""}, {""numero"": ""2"", ""at"": [""5"", ""0""], ""drill"": [""1""], ""net"": ""Net-(T1-AB)""}]"
D4,KBU6G,oneTesla:Diode_Bridge_Vishay_KBU,Sem alteração de geometria; pendências da auditoria mantidas,"KBU6G fabricante indefinido; pads seguem GBU4S original P5.08, não confirma KBU escolhido; desenho Vishay não recuperado; F02","[{""numero"": ""1"", ""at"": [""0"", ""0""], ""drill"": [""1.4986""], ""net"": ""/DC_PLUS""}, {""numero"": ""2"", ""at"": [""10.16"", ""0""], ""drill"": [""1.4986""], ""net"": ""/AC_L_FUSED""}, {""numero"": ""3"", ""at"": [""5.08"", ""0""], ""drill"": [""1.4986""], ""net"": ""/AC_N""}, {""numero"": ""4"", ""at"": [""15.24"", ""0""], ""drill"": [""1.4986""], ""net"": ""/DC_MINUS""}]"
JPRT2,,oneTesla:Ring_D6_D3.81,Sem alteração de geometria; pendências da auditoria mantidas,Extras PCB sem símbolo nem footprint biblioteca; anel D6 furo3.81; retenção/corrente/uso devem ser documentados,"[{""numero"": ""1"", ""at"": [""0"", ""0""], ""drill"": [""3.81""], ""net"": ""Net-(CPR1-Pad2)""}]"
C1,1u,oneTesla:C_Disc_D7.5mm_W2.5mm_P5.00mm,Sem alteração de geometria; pendências da auditoria mantidas,"Disco P5, furos/pads inventariados; dielétrico/tensão/ESL/MPN desconhecidos; C4 deve suportar corrente do GDT","[{""numero"": ""1"", ""at"": [""0"", ""0""], ""drill"": [""1""], ""net"": ""+5V""}, {""numero"": ""2"", ""at"": [""5"", ""0""], ""drill"": [""1""], ""net"": ""GND""}]"
SEM_REF_20,,oneTesla:MountingHole_D5.5,Sem alteração de geometria; pendências da auditoria mantidas,Furo mecânico: posição preservada; conjunto pendente,"[{""numero"": """", ""at"": [""0"", ""0""], ""drill"": [""5.5""], ""net"": """"}]"
IC6,78L05,oneTesla:TO-92_Inline,Sem alteração de geometria; pendências da auditoria mantidas,REVISAR: footprint chamado Inline tem pads triangulares; fabricante/sufixo 78L05 e conformação das pernas obrigatórios,"[{""numero"": ""1"", ""at"": [""-1.27"", ""0""], ""drill"": [""0.8128""], ""net"": ""+5V""}, {""numero"": ""2"", ""at"": [""0"", ""-1.905""], ""drill"": [""0.8128""], ""net"": ""GND""}, {""numero"": ""3"", ""at"": [""1.27"", ""0""], ""drill"": [""0.8128""], ""net"": ""+15V""}]"
PS1,HLK-15M15BL,oneTesla:HLK-15M15BL,Roteamento AC local corrigido; largura preservada; isolamento/encaixe NÃO aprovados,Pitch42.5/7.8/22.6 confere desenho de referência; furo1.1 versus terminal0.8±0.2 e pitch±1 exigem peça real; colisão IEC/fixação F07,"[{""numero"": ""1"", ""at"": [""0"", ""0""], ""drill"": [""1.1""], ""net"": ""/AC_L_FUSED""}, {""numero"": ""2"", ""at"": [""0"", ""7.8""], ""drill"": [""1.1""], ""net"": ""/AC_N""}, {""numero"": ""3"", ""at"": [""42.5"", ""-7.4""], ""drill"": [""1.1""], ""net"": ""GND""}, {""numero"": ""4"", ""at"": [""42.5"", ""15.2""], ""drill"": [""1.1""], ""net"": ""+15V""}]"
Q1,FGA60N65SMD,oneTesla:TO-3P-3_Horizontal_TabDown,Sem alteração de geometria; pendências da auditoria mantidas,Pitch5.45 confere onsemi; furo1.4986 perto do envelope diagonal máx ~1.415 do terminal; dobra/dissipador/furo5.5 no PCB separados e pendentes; corpo fab15.5 não cobre máx16.2,"[{""numero"": ""1"", ""at"": [""0"", ""0""], ""drill"": [""1.4986""], ""net"": ""/GATE_H""}, {""numero"": ""2"", ""at"": [""5.45"", ""0""], ""drill"": [""1.4986""], ""net"": ""/DC_PLUS""}, {""numero"": ""3"", ""at"": [""10.9"", ""0""], ""drill"": [""1.4986""], ""net"": ""/SW_NODE""}]"
CPR1,68n 3kV,oneTesla:CDE_940C30S68K_F_CONFIRMAR,Sem alteração de geometria; pendências da auditoria mantidas,"CDE 940C30S68K-F: corpo 46x19 e fio 1 mm conferem catálogo; P58.42 é dobra escolhida, não pitch de fábrica; furo1.4; ensaio RMS/dVdt obrigatório","[{""numero"": ""1"", ""at"": [""-29.21"", ""0""], ""drill"": [""1.4""], ""net"": ""/SW_NODE""}, {""numero"": ""2"", ""at"": [""29.21"", ""0""], ""drill"": [""1.4""], ""net"": ""Net-(CPR1-Pad2)""}]"
SEM_REF_25,,oneTesla:MountingHole_D4.0,Sem alteração de geometria; pendências da auditoria mantidas,Furo mecânico: posição preservada; conjunto pendente,"[{""numero"": """", ""at"": [""0"", ""0""], ""drill"": [""4""], ""net"": """"}]"
T3,1:300,oneTesla:CT_1_300_P12.70mm_CONFIRMAR,Sem alteração de geometria; pendências da auditoria mantidas,P12.7 furo1.27; dimensões/core/relação real/fase/burden/isolação desconhecidos; corpo genérico conflita P1/P2,"[{""numero"": ""1"", ""at"": [""0"", ""-6.35""], ""drill"": [""1.27""], ""net"": ""Net-(T3-S1)""}, {""numero"": ""2"", ""at"": [""0"", ""6.35""], ""drill"": [""1.27""], ""net"": ""GND""}]"
C3,1u,oneTesla:C_Disc_D7.5mm_W2.5mm_P5.00mm,Sem alteração de geometria; pendências da auditoria mantidas,"Disco P5, furos/pads inventariados; dielétrico/tensão/ESL/MPN desconhecidos; C4 deve suportar corrente do GDT","[{""numero"": ""1"", ""at"": [""0"", ""0""], ""drill"": [""1""], ""net"": ""+5V""}, {""numero"": ""2"", ""at"": [""5"", ""0""], ""drill"": [""1""], ""net"": ""GND""}]"
T1,1:1:1,oneTesla:GDT_6Pin_CONFIRMAR,Sem alteração de geometria; pendências da auditoria mantidas,P0584 original renumerado; pads fora de courtyard genérico; bobinagem/fase/isolações/core/volt-segundo desconhecidos,"[{""numero"": ""1"", ""at"": [""-9.017"", ""-4.572""], ""drill"": [""1.016""], ""net"": ""Net-(T1-AA)""}, {""numero"": ""2"", ""at"": [""-9.017"", ""4.445""], ""drill"": [""1.016""], ""net"": ""Net-(T1-AB)""}, {""numero"": ""3"", ""at"": [""3.683"", ""-4.445""], ""drill"": [""1.016""], ""net"": ""/GATE_H""}, {""numero"": ""4"", ""at"": [""8.763"", ""-4.445""], ""drill"": [""1.016""], ""net"": ""/SW_NODE""}, {""numero"": ""5"", ""at"": [""8.763"", ""4.445""], ""drill"": [""1.016""], ""net"": ""/GATE_L""}, {""numero"": ""6"", ""at"": [""3.683"", ""4.445""], ""drill"": [""1.016""], ""net"": ""/DC_MINUS""}]"
P2,PRIMARIO B,oneTesla:Primary_Terminal_M6_CONFIRMAR,Sem alteração de geometria; pendências da auditoria mantidas,"Nome M6 incompatível com furo2.2: geometria para fio, não para parafuso M6; corpo genérico interfere CT; F02","[{""numero"": ""1"", ""at"": [""0"", ""0""], ""drill"": [""2.2""], ""net"": ""/DC_MID""}]"
R4,3R3,oneTesla:R_Axial_DIN0207_L6.3mm_D2.5mm_P7.62mm_Horizontal,Sem alteração de geometria; pendências da auditoria mantidas,DIN0207 P7.62 coerente genericamente; conferir potência/tolerância/corpo MPN; R4 amortecimento GDT depende de ensaio,"[{""numero"": ""1"", ""at"": [""0"", ""0""], ""drill"": [""0.8""], ""net"": ""Net-(IC3-OUT-Pad6)""}, {""numero"": ""2"", ""at"": [""7.62"", ""0""], ""drill"": [""0.8""], ""net"": ""Net-(T1-AA)""}]"
F1,4A/250VAC,oneTesla:Fuseholder_Clip-5x20mm_Littelfuse_111_Inline_P20.00x5.00mm_D1.05mm_Horizontal,Sem alteração de geometria; pendências da auditoria mantidas,"Pads ±5.08/±10.16, furos1.1938; fab herdado deslocado; clipe Littelfuse exato não comprovado; tipo/I²t/capacidade interrupção pendentes","[{""numero"": ""1"", ""at"": [""5.08"", ""0""], ""drill"": [""1.1938""], ""net"": ""/AC_L""}, {""numero"": ""1"", ""at"": [""10.16"", ""0""], ""drill"": [""1.1938""], ""net"": ""/AC_L""}, {""numero"": ""2"", ""at"": [""-10.16"", ""0""], ""drill"": [""1.1938""], ""net"": ""/AC_L_FUSED""}, {""numero"": ""2"", ""at"": [""-5.08"", ""0""], ""drill"": [""1.1938""], ""net"": ""/AC_L_FUSED""}]"
IC2,74HCT74,oneTesla:DIP-14_W7.62mm_Socket_LongPads,Sem alteração de geometria; pendências da auditoria mantidas,DIP14 P2.54 W7.62; furo0.8128 pad1.6; MPN/sufixo e soquete exatos desconhecidos; LongPads no nome não corresponde ao pad real,"[{""numero"": ""1"", ""at"": [""0"", ""0""], ""drill"": [""0.8128""], ""net"": ""Net-(IC2A-~{R})""}, {""numero"": ""2"", ""at"": [""0"", ""2.54""], ""drill"": [""0.8128""], ""net"": ""+5V""}, {""numero"": ""3"", ""at"": [""0"", ""5.08""], ""drill"": [""0.8128""], ""net"": ""Net-(IC2A-C)""}, {""numero"": ""4"", ""at"": [""0"", ""7.62""], ""drill"": [""0.8128""], ""net"": ""+5V""}, {""numero"": ""5"", ""at"": [""0"", ""10.16""], ""drill"": [""0.8128""], ""net"": ""unconnected-(IC2A-Q-Pad5)""}, {""numero"": ""6"", ""at"": [""0"", ""12.7""], ""drill"": [""0.8128""], ""net"": ""/DRIVE_ENABLE""}, {""numero"": ""7"", ""at"": [""0"", ""15.24""], ""drill"": [""0.8128""], ""net"": ""GND""}, {""numero"": ""8"", ""at"": [""7.62"", ""15.24""], ""drill"": [""0.8128""], ""net"": ""unconnected-(IC2B-~{Q}-Pad8)""}, {""numero"": ""9"", ""at"": [""7.62"", ""12.7""], ""drill"": [""0.8128""], ""net"": ""unconnected-(IC2B-Q-Pad9)""}, {""numero"": ""10"", ""at"": [""7.62"", ""10.16""], ""drill"": [""0.8128""], ""net"": ""+5V""}, {""numero"": ""11"", ""at"": [""7.62"", ""7.62""], ""drill"": [""0.8128""], ""net"": ""GND""}, {""numero"": ""12"", ""at"": [""7.62"", ""5.08""], ""drill"": [""0.8128""], ""net"": ""GND""}, {""numero"": ""13"", ""at"": [""7.62"", ""2.54""], ""drill"": [""0.8128""], ""net"": ""+5V""}, {""numero"": ""14"", ""at"": [""7.62"", ""0""], ""drill"": [""0.8128""], ""net"": ""+5V""}]"
FB1,HFBR-2521ETZ,oneTesla:HFBR-2521ETZ,"Broadcom pitch2.54, retencoes5/8 NC; reposicionado/reroteado; cabo/enclosure pendente",REPROVADO HFBR-2521ETZ: pitch 1.905 versus 2.54 mm datasheet; ordem espacial 3-1-2-4 adaptada de IFD95; F01,"[{""numero"": ""1"", ""at"": [""0"", ""0"", ""90""], ""drill"": [""1.4""], ""net"": ""/OPTICAL_OUT""}, {""numero"": ""2"", ""at"": [""2.54"", ""0"", ""90""], ""drill"": [""1.4""], ""net"": ""GND""}, {""numero"": ""3"", ""at"": [""5.08"", ""0"", ""90""], ""drill"": [""1.4""], ""net"": ""+5V""}, {""numero"": ""4"", ""at"": [""7.62"", ""0"", ""90""], ""drill"": [""1.4""], ""net"": ""+5V""}, {""numero"": ""5"", ""at"": [""7.62"", ""-7.62"", ""90""], ""drill"": [""1.4""], ""net"": ""unconnected-(FB1-NC-Pad5)""}, {""numero"": ""8"", ""at"": [""0"", ""-7.62"", ""90""], ""drill"": [""1.4""], ""net"": ""unconnected-(FB1-NC-Pad8)""}]"
R6,100k 0.5W,oneTesla:R_L9_P10.16_ReviewPending,Corpo/polaridade recentrados; modelo personalizado explícito; MPN/encaixe pendentes,"Pendente MPN 0.5 W: pitch real 10.16, nome 12.70; fab/silk não recentrados; F02","[{""numero"": ""1"", ""at"": [""-5.08"", ""0""], ""drill"": [""0.8128""], ""net"": ""/DC_MID""}, {""numero"": ""2"", ""at"": [""5.08"", ""0""], ""drill"": [""0.8128""], ""net"": ""/DC_MINUS""}]"
SEM_REF_35,,oneTesla:MountingHole_D5.5,Sem alteração de geometria; pendências da auditoria mantidas,Furo mecânico: posição preservada; conjunto pendente,"[{""numero"": """", ""at"": [""0"", ""0""], ""drill"": [""5.5""], ""net"": """"}]"
D2,1N4148,oneTesla:D_DO-35_SOD27_P7.62mm_Horizontal,Sem alteração de geometria; pendências da auditoria mantidas,DO35 P7.62 genérico; conferir MPN e faixa de cátodo na montagem,"[{""numero"": ""1"", ""at"": [""0"", ""0""], ""drill"": [""0.8""], ""net"": ""+5V""}, {""numero"": ""2"", ""at"": [""7.62"", ""0""], ""drill"": [""0.8""], ""net"": ""Net-(D1-K)""}]"
SEM_REF_37,,oneTesla:MountingHole_D4.0,Sem alteração de geometria; pendências da auditoria mantidas,Furo mecânico: posição preservada; conjunto pendente,"[{""numero"": """", ""at"": [""0"", ""0""], ""drill"": [""4""], ""net"": """"}]"
J2,PE/CHASSIS,oneTesla:Chassis_PE_M3,Sem alteração de geometria; pendências da auditoria mantidas,Furo3.2 M3 pad5.1; cobre só0.2059 da borda; resistência/torque/arruela/bonding não definidos; F05,"[{""numero"": ""1"", ""at"": [""0"", ""0""], ""drill"": [""3.2""], ""net"": ""/PE""}]"
C2,1u,oneTesla:C_Disc_D7.5mm_W2.5mm_P5.00mm,Sem alteração de geometria; pendências da auditoria mantidas,"Disco P5, furos/pads inventariados; dielétrico/tensão/ESL/MPN desconhecidos; C4 deve suportar corrente do GDT","[{""numero"": ""1"", ""at"": [""0"", ""0""], ""drill"": [""1""], ""net"": ""+5V""}, {""numero"": ""2"", ""at"": [""5"", ""0""], ""drill"": [""1""], ""net"": ""GND""}]"
C5,1u,oneTesla:C_Disc_D7.5mm_W2.5mm_P5.00mm,Sem alteração de geometria; pendências da auditoria mantidas,"Disco P5, furos/pads inventariados; dielétrico/tensão/ESL/MPN desconhecidos; C4 deve suportar corrente do GDT","[{""numero"": ""1"", ""at"": [""0"", ""0""], ""drill"": [""1""], ""net"": ""+15V""}, {""numero"": ""2"", ""at"": [""5"", ""0""], ""drill"": [""1""], ""net"": ""GND""}]"
C13,100u 25V,oneTesla:CP_D8_P2.54_ReviewPending,Corpo/polaridade recentrados; modelo personalizado explícito; MPN/encaixe pendentes,Pendente MPN: pitch real 2.54 versus nome 3.50; F02. C9 em +5 V; C8/C13 em +15 V,"[{""numero"": ""1"", ""at"": [""-1.27"", ""0""], ""drill"": [""0.8128""], ""net"": ""+15V""}, {""numero"": ""2"", ""at"": [""1.27"", ""0""], ""drill"": [""0.8128""], ""net"": ""GND""}]"
IC4,UCC37321P,oneTesla:DIP-8_W7.62mm_Socket_LongPads,Sem alteração de geometria; pendências da auditoria mantidas,"PDIP8 P2.54 W7.62 coerente; soquete exato pendente; TI recomenda desacoplamento em ambos pares VDD/GND, não comprovado nesta geometria","[{""numero"": ""1"", ""at"": [""0"", ""0""], ""drill"": [""0.8128""], ""net"": ""+15V""}, {""numero"": ""2"", ""at"": [""0"", ""2.54""], ""drill"": [""0.8128""], ""net"": ""Net-(IC2A-C)""}, {""numero"": ""3"", ""at"": [""0"", ""5.08""], ""drill"": [""0.8128""], ""net"": ""/DRIVE_ENABLE""}, {""numero"": ""4"", ""at"": [""0"", ""7.62""], ""drill"": [""0.8128""], ""net"": ""GND""}, {""numero"": ""5"", ""at"": [""7.62"", ""7.62""], ""drill"": [""0.8128""], ""net"": ""GND""}, {""numero"": ""6"", ""at"": [""7.62"", ""5.08""], ""drill"": [""0.8128""], ""net"": ""Net-(C4-Pad1)""}, {""numero"": ""7"", ""at"": [""7.62"", ""2.54""], ""drill"": [""0.8128""], ""net"": ""Net-(C4-Pad1)""}, {""numero"": ""8"", ""at"": [""7.62"", ""0""], ""drill"": [""0.8128""], ""net"": ""+15V""}]"
IC1,74HCT14,oneTesla:DIP-14_W7.62mm_Socket_LongPads,Sem alteração de geometria; pendências da auditoria mantidas,DIP14 P2.54 W7.62; furo0.8128 pad1.6; MPN/sufixo e soquete exatos desconhecidos; LongPads no nome não corresponde ao pad real,"[{""numero"": ""1"", ""at"": [""0"", ""0""], ""drill"": [""0.8128""], ""net"": ""Net-(D1-K)""}, {""numero"": ""2"", ""at"": [""0"", ""2.54""], ""drill"": [""0.8128""], ""net"": ""Net-(IC1-Pad2)""}, {""numero"": ""3"", ""at"": [""0"", ""5.08""], ""drill"": [""0.8128""], ""net"": ""Net-(IC1-Pad2)""}, {""numero"": ""4"", ""at"": [""0"", ""7.62""], ""drill"": [""0.8128""], ""net"": ""Net-(IC2A-C)""}, {""numero"": ""5"", ""at"": [""0"", ""10.16""], ""drill"": [""0.8128""], ""net"": ""Net-(IC2A-C)""}, {""numero"": ""6"", ""at"": [""0"", ""12.7""], ""drill"": [""0.8128""], ""net"": ""Net-(IC3-IN)""}, {""numero"": ""7"", ""at"": [""0"", ""15.24""], ""drill"": [""0.8128""], ""net"": ""GND""}, {""numero"": ""8"", ""at"": [""7.62"", ""15.24""], ""drill"": [""0.8128""], ""net"": ""unconnected-(IC1-Pad8)""}, {""numero"": ""9"", ""at"": [""7.62"", ""12.7""], ""drill"": [""0.8128""], ""net"": ""GND""}, {""numero"": ""10"", ""at"": [""7.62"", ""10.16""], ""drill"": [""0.8128""], ""net"": ""unconnected-(IC1-Pad10)""}, {""numero"": ""11"", ""at"": [""7.62"", ""7.62""], ""drill"": [""0.8128""], ""net"": ""GND""}, {""numero"": ""12"", ""at"": [""7.62"", ""5.08""], ""drill"": [""0.8128""], ""net"": ""Net-(IC2A-~{R})""}, {""numero"": ""13"", ""at"": [""7.62"", ""2.54""], ""drill"": [""0.8128""], ""net"": ""Net-(IC1-Pad13)""}, {""numero"": ""14"", ""at"": [""7.62"", ""0""], ""drill"": [""0.8128""], ""net"": ""+5V""}]"
J1,IEC C6,oneTesla:IEC_C6_CONFIRMAR,Roteamento AC local corrigido; largura preservada; isolamento/encaixe NÃO aprovados,IEC C6 sem MPN; trilha de rede invade furo mecânico F04; colisão PS1/F1,"[{""numero"": """", ""at"": [""-6.5"", ""9.5""], ""drill"": [""3""], ""net"": """"}, {""numero"": """", ""at"": [""6.5"", ""9.5""], ""drill"": [""3""], ""net"": """"}, {""numero"": ""1"", ""at"": [""-7"", ""14.5""], ""drill"": [""1.5""], ""net"": ""/AC_L""}, {""numero"": ""2"", ""at"": [""7"", ""14.5""], ""drill"": [""1.5""], ""net"": ""/AC_N""}, {""numero"": ""3"", ""at"": [""0"", ""14.5""], ""drill"": [""1.5""], ""net"": ""/PE""}]"
R1,1k 5W,oneTesla:R_L25_P22.86_INCOMPATIBLE,Corpo/polaridade recentrados; modelo personalizado explícito; MPN/encaixe pendentes,"REPROVADO envelope: corpo declarado 25 mm, furos distam 22.86 mm; silk/fab deslocados 15.24 mm; F02","[{""numero"": ""1"", ""at"": [""-11.43"", ""0"", ""180""], ""drill"": [""1.3""], ""net"": ""Net-(T3-S1)""}, {""numero"": ""2"", ""at"": [""11.43"", ""0"", ""180""], ""drill"": [""1.3""], ""net"": ""Net-(D1-K)""}]"
Q2,FGA60N65SMD,oneTesla:TO-3P-3_Horizontal_TabDown,Sem alteração de geometria; pendências da auditoria mantidas,Pitch5.45 confere onsemi; furo1.4986 perto do envelope diagonal máx ~1.415 do terminal; dobra/dissipador/furo5.5 no PCB separados e pendentes; corpo fab15.5 não cobre máx16.2,"[{""numero"": ""1"", ""at"": [""0"", ""0""], ""drill"": [""1.4986""], ""net"": ""/GATE_L""}, {""numero"": ""2"", ""at"": [""5.45"", ""0""], ""drill"": [""1.4986""], ""net"": ""/SW_NODE""}, {""numero"": ""3"", ""at"": [""10.9"", ""0""], ""drill"": [""1.4986""], ""net"": ""/DC_MINUS""}]"
Z1,1.5KE510CA,oneTesla:D_DO201AD_P14.732_ReviewPending,Corpo/polaridade recentrados; modelo personalizado explícito; MPN/encaixe pendentes,"DNP no esquema mas não no PCB; F08. Pitch real14.732, nome15.24; TVS não substitui clamp gate-emitter","[{""numero"": ""1"", ""at"": [""-7.366"", ""0"", ""180""], ""drill"": [""1.1""], ""net"": ""/DC_PLUS""}, {""numero"": ""2"", ""at"": [""7.366"", ""0"", ""180""], ""drill"": [""1.1""], ""net"": ""/SW_NODE""}]"
C11,1000u 200V,oneTesla:CP_D30_P10.16_ReviewPending,Corpo/polaridade recentrados; modelo personalizado explícito; MPN/encaixe pendentes,"REPROVADO envelope D30: centros distam 26.035 mm, sobreposição 3.965 mm; F03. Pitch 10.16, MPN desconhecido","[{""numero"": ""1"", ""at"": [""-5.08"", ""0""], ""drill"": [""2""], ""net"": ""/DC_MID""}, {""numero"": ""2"", ""at"": [""5.08"", ""0""], ""drill"": [""2""], ""net"": ""/DC_MINUS""}]"
