reference,uuid,value,footprint,placement,pads,body_and_courtyard
Z2,043be2ab-2909-4184-858f-b2e62dd66361,1.5KE510CA,oneTesla:D_DO201AD_P14.732_ReviewPending,"[""78.105"", ""67.31"", ""-90""]","[{""number"": ""1"", ""at"": [""-7.366"", ""0"", ""270""], ""drill"": [""1.1""], ""net"": ""/SW_NODE""}, {""number"": ""2"", ""at"": [""7.366"", ""0"", ""270""], ""drill"": [""1.1""], ""net"": ""/DC_MINUS""}]",unchanged; manufacturer fit NOT newly verified
P1,088ec556-0787-483d-9168-49628798b9c6,PRIMARIO A,oneTesla:Primary_Terminal_M6_CONFIRMAR,"[""41.275"", ""91.44"", ""90""]","[{""number"": ""1"", ""at"": [""0"", ""0"", ""90""], ""drill"": [""2.2""], ""net"": ""Net-(CPR1-Pad2)""}]",unchanged; manufacturer fit NOT newly verified
D1,0bd4e4d6-8bbf-4891-80de-701fc24f664c,1N4148,oneTesla:D_DO-35_SOD27_P7.62mm_Horizontal,"[""22.86"", ""59.055"", ""180""]","[{""number"": ""1"", ""at"": [""0"", ""0"", ""180""], ""drill"": [""0.8""], ""net"": ""Net-(D1-K)""}, {""number"": ""2"", ""at"": [""7.62"", ""0"", ""180""], ""drill"": [""0.8""], ""net"": ""GND""}]",unchanged; manufacturer fit NOT newly verified
C10,13caed20-fea9-4faf-98c2-d408a82b30fe,680u 35V,oneTesla:CP_D12.5_P3.556_ReviewPending,"[""6.8"", ""40.1""]","[{""number"": ""1"", ""at"": [""-1.778"", ""0""], ""drill"": [""0.8128""], ""net"": ""+15V""}, {""number"": ""2"", ""at"": [""1.778"", ""0""], ""drill"": [""0.8128""], ""net"": ""GND""}]",unchanged; manufacturer fit NOT newly verified
C12,14dab930-675f-4d79-9d3d-0748ea40fa16,1000u 200V,oneTesla:CP_D30_P10.16_ReviewPending,"[""125"", ""25""]","[{""number"": ""1"", ""at"": [""-5.08"", ""0""], ""drill"": [""2""], ""net"": ""/DC_PLUS""}, {""number"": ""2"", ""at"": [""5.08"", ""0""], ""drill"": [""2""], ""net"": ""/DC_MID""}]",unchanged; manufacturer fit NOT newly verified
R2,1b505ac7-39c6-421c-bfd3-d8c0c9e3d88e,1k,oneTesla:R_Axial_DIN0207_L6.3mm_D2.5mm_P7.62mm_Horizontal,"[""25.4"", ""62.595""]","[{""number"": ""1"", ""at"": [""0"", ""0""], ""drill"": [""0.8""], ""net"": ""/OPTICAL_OUT""}, {""number"": ""2"", ""at"": [""7.62"", ""0""], ""drill"": [""0.8""], ""net"": ""Net-(IC1-Pad13)""}]",unchanged; manufacturer fit NOT newly verified
C6,2624217d-13ca-4389-a30e-a437cd1843dc,1u,oneTesla:C_Disc_D7.5mm_W2.5mm_P5.00mm,"[""41.315"", ""62.23""]","[{""number"": ""1"", ""at"": [""0"", ""0""], ""drill"": [""1""], ""net"": ""+15V""}, {""number"": ""2"", ""at"": [""5"", ""0""], ""drill"": [""1""], ""net"": ""GND""}]",unchanged; manufacturer fit NOT newly verified
C9,320f6185-a204-433f-a4a6-9793676a6dde,100u 10V,oneTesla:CP_D8_P2.54_ReviewPending,"[""10.1"", ""50.5"", ""180""]","[{""number"": ""1"", ""at"": [""-1.27"", ""0"", ""180""], ""drill"": [""0.8128""], ""net"": ""+5V""}, {""number"": ""2"", ""at"": [""1.27"", ""0"", ""180""], ""drill"": [""0.8128""], ""net"": ""GND""}]",unchanged; manufacturer fit NOT newly verified
J110,391c27e2-a5cc-4206-b90d-2c4995710cdf,Jumper 110V,oneTesla:J110_WireLink_P10.16mm,"[""73.025"", ""10.795"", ""180""]","[{""number"": ""1"", ""at"": [""-5.08"", ""0"", ""180""], ""drill"": [""2.2""], ""net"": ""/AC_N""}, {""number"": ""2"", ""at"": [""5.08"", ""0"", ""180""], ""drill"": [""2.2""], ""net"": ""/DC_MID""}]",unchanged; manufacturer fit NOT newly verified
H1,3abb677c-3c48-4fdf-8784-ae5b95230035,,oneTesla:MountingHole_D4.0,"[""3.9243"", ""102.1588""]","[{""number"": """", ""at"": [""0"", ""0""], ""drill"": [""4""], ""net"": """"}]",unchanged; manufacturer fit NOT newly verified
R3,480876c6-2bff-47b9-8d1c-2b394c4e711f,10k,oneTesla:R_Axial_DIN0207_L6.3mm_D2.5mm_P7.62mm_Horizontal,"[""25.4"", ""59.055""]","[{""number"": ""1"", ""at"": [""0"", ""0""], ""drill"": [""0.8""], ""net"": ""Net-(D1-K)""}, {""number"": ""2"", ""at"": [""7.62"", ""0""], ""drill"": [""0.8""], ""net"": ""Net-(IC1-Pad13)""}]",unchanged; manufacturer fit NOT newly verified
R5,4dae5a0c-c8f0-4e2d-8b13-793852bedb3b,100k 0.5W,oneTesla:R_L9_P10.16_ReviewPending,"[""79.375"", ""27.94"", ""180""]","[{""number"": ""1"", ""at"": [""-5.08"", ""0"", ""180""], ""drill"": [""0.8128""], ""net"": ""/DC_PLUS""}, {""number"": ""2"", ""at"": [""5.08"", ""0"", ""180""], ""drill"": [""0.8128""], ""net"": ""/DC_MID""}]",unchanged; manufacturer fit NOT newly verified
JPRT1,4fafd1a0-5b66-474b-b284-286cf4f79105,,oneTesla:Ring_D6_D3.81,"[""101.6"", ""94.615""]","[{""number"": ""1"", ""at"": [""0"", ""0""], ""drill"": [""3.81""], ""net"": ""/DC_MID""}]",unchanged; manufacturer fit NOT newly verified
IC3,50b3e22e-5f3f-40e0-918c-eafb32bf85fa,UCC37321P,oneTesla:DIP-8_W7.62mm_Socket_LongPads,"[""40.005"", ""45.72""]","[{""number"": ""1"", ""at"": [""0"", ""0""], ""drill"": [""0.8128""], ""net"": ""+15V""}, {""number"": ""2"", ""at"": [""0"", ""2.54""], ""drill"": [""0.8128""], ""net"": ""Net-(IC3-IN)""}, {""number"": ""3"", ""at"": [""0"", ""5.08""], ""drill"": [""0.8128""], ""net"": ""/DRIVE_ENABLE""}, {""number"": ""4"", ""at"": [""0"", ""7.62""], ""drill"": [""0.8128""], ""net"": ""GND""}, {""number"": ""5"", ""at"": [""7.62"", ""7.62""], ""drill"": [""0.8128""], ""net"": ""GND""}, {""number"": ""6"", ""at"": [""7.62"", ""5.08""], ""drill"": [""0.8128""], ""net"": ""Net-(IC3-OUT-Pad6)""}, {""number"": ""7"", ""at"": [""7.62"", ""2.54""], ""drill"": [""0.8128""], ""net"": ""Net-(IC3-OUT-Pad6)""}, {""number"": ""8"", ""at"": [""7.62"", ""0""], ""drill"": [""0.8128""], ""net"": ""+15V""}]",unchanged; manufacturer fit NOT newly verified
C8,5d8b6c4d-ef0a-4df6-ad72-8b44f069fe83,100u 25V,oneTesla:CP_D8_P2.54_ReviewPending,"[""43.815"", ""38.1""]","[{""number"": ""1"", ""at"": [""-1.27"", ""0""], ""drill"": [""0.8128""], ""net"": ""+15V""}, {""number"": ""2"", ""at"": [""1.27"", ""0""], ""drill"": [""0.8128""], ""net"": ""GND""}]",unchanged; manufacturer fit NOT newly verified
C4,5e505915-79b6-4a08-a21b-4211996d32e8,1u,oneTesla:C_Disc_D7.5mm_W2.5mm_P5.00mm,"[""53.38"", ""71.755""]","[{""number"": ""1"", ""at"": [""0"", ""0""], ""drill"": [""1""], ""net"": ""Net-(C4-Pad1)""}, {""number"": ""2"", ""at"": [""5"", ""0""], ""drill"": [""1""], ""net"": ""Net-(T1-AB)""}]",unchanged; manufacturer fit NOT newly verified
D4,6432ffb1-1e02-4073-98f0-793960e7a768,KBU6G,oneTesla:Diode_Bridge_Vishay_KBU,"[""73.025"", ""15.875""]","[{""number"": ""1"", ""at"": [""0"", ""0""], ""drill"": [""1.4986""], ""net"": ""/DC_PLUS""}, {""number"": ""2"", ""at"": [""10.16"", ""0""], ""drill"": [""1.4986""], ""net"": ""/AC_L_FUSED""}, {""number"": ""3"", ""at"": [""5.08"", ""0""], ""drill"": [""1.4986""], ""net"": ""/AC_N""}, {""number"": ""4"", ""at"": [""15.24"", ""0""], ""drill"": [""1.4986""], ""net"": ""/DC_MINUS""}]",unchanged; manufacturer fit NOT newly verified
JPRT2,6892e981-bd57-4f2f-9ff6-2c0d3f36bb41,,oneTesla:Ring_D6_D3.81,"[""88.9"", ""102.235""]","[{""number"": ""1"", ""at"": [""0"", ""0""], ""drill"": [""3.81""], ""net"": ""Net-(CPR1-Pad2)""}]",unchanged; manufacturer fit NOT newly verified
C1,6967a1b9-0d17-42e9-83f4-c29881745bf5,1u,oneTesla:C_Disc_D7.5mm_W2.5mm_P5.00mm,"[""9.485"", ""56.515"", ""180""]","[{""number"": ""1"", ""at"": [""0"", ""0"", ""180""], ""drill"": [""1""], ""net"": ""+5V""}, {""number"": ""2"", ""at"": [""5"", ""0"", ""180""], ""drill"": [""1""], ""net"": ""GND""}]",unchanged; manufacturer fit NOT newly verified
H2,6acfa2f4-c1d8-4113-9692-d498ca6c752b,,oneTesla:MountingHole_D5.5,"[""91.186"", ""69.215""]","[{""number"": """", ""at"": [""0"", ""0""], ""drill"": [""5.5""], ""net"": """"}]",unchanged; manufacturer fit NOT newly verified
IC6,6b102e01-8bfa-49ff-a947-391a974b2601,78L05,oneTesla:TO-92_Inline,"[""3.81"", ""50.8"", ""90""]","[{""number"": ""1"", ""at"": [""-1.27"", ""0"", ""90""], ""drill"": [""0.8128""], ""net"": ""+5V""}, {""number"": ""2"", ""at"": [""0"", ""-1.905"", ""90""], ""drill"": [""0.8128""], ""net"": ""GND""}, {""number"": ""3"", ""at"": [""1.27"", ""0"", ""90""], ""drill"": [""0.8128""], ""net"": ""+15V""}]",unchanged; manufacturer fit NOT newly verified
PS1,70cde1ed-72eb-4f96-a84d-a008b95741df,HLK-15M15BL,oneTesla:HLK-15M15BL,"[""44.25"", ""22"", ""180""]","[{""number"": ""1"", ""at"": [""0"", ""0"", ""180""], ""drill"": [""1.1""], ""net"": ""/AC_L_FUSED""}, {""number"": ""2"", ""at"": [""0"", ""7.8"", ""180""], ""drill"": [""1.1""], ""net"": ""/AC_N""}, {""number"": ""3"", ""at"": [""42.5"", ""-7.4"", ""180""], ""drill"": [""1.1""], ""net"": ""GND""}, {""number"": ""4"", ""at"": [""42.5"", ""15.2"", ""180""], ""drill"": [""1.1""], ""net"": ""+15V""}]",unchanged; manufacturer fit NOT newly verified
Q1,732d8c26-f467-439a-8fa4-e4be84794145,FGA60N65SMD,oneTesla:Q_TO3P_ImportedPads_ReviewPending,"[""71.9455"", ""45.985"", ""-90""]","[{""number"": ""1"", ""at"": [""0"", ""0""], ""drill"": [""1.4986""], ""net"": ""/GATE_H""}, {""number"": ""2"", ""at"": [""5.45"", ""0""], ""drill"": [""1.4986""], ""net"": ""/DC_PLUS""}, {""number"": ""3"", ""at"": [""10.9"", ""0""], ""drill"": [""1.4986""], ""net"": ""/SW_NODE""}]",unchanged; manufacturer fit NOT newly verified
CPR1,74d67175-ebb6-4a21-bfc7-1e11c2960983,68n 3kV,oneTesla:CDE_940C30S68K_F_CONFIRMAR,"[""68.58"", ""86.36""]","[{""number"": ""1"", ""at"": [""-29.21"", ""0""], ""drill"": [""1.4""], ""net"": ""/SW_NODE""}, {""number"": ""2"", ""at"": [""29.21"", ""0""], ""drill"": [""1.4""], ""net"": ""Net-(CPR1-Pad2)""}]",unchanged; manufacturer fit NOT newly verified
H3,77ec0857-d169-4408-a4bf-4dac85be4d5d,,oneTesla:MountingHole_D4.0,"[""3.8735"", ""2.3495""]","[{""number"": """", ""at"": [""0"", ""0""], ""drill"": [""4""], ""net"": """"}]",unchanged; manufacturer fit NOT newly verified
T3,7881a436-aec0-4c8a-ba7e-8c210efbcf84,1:300,oneTesla:CT_1_300_P12.70mm_CONFIRMAR,"[""30.48"", ""91.44"", ""180""]","[{""number"": ""1"", ""at"": [""0"", ""-6.35"", ""180""], ""drill"": [""1.27""], ""net"": ""Net-(T3-S1)""}, {""number"": ""2"", ""at"": [""0"", ""6.35"", ""180""], ""drill"": [""1.27""], ""net"": ""GND""}]",unchanged; manufacturer fit NOT newly verified
C3,7c69af3d-e32c-456b-9d59-fed3aa6c0f0a,1u,oneTesla:C_Disc_D7.5mm_W2.5mm_P5.00mm,"[""15.875"", ""35.6"", ""-90""]","[{""number"": ""1"", ""at"": [""0"", ""0"", ""270""], ""drill"": [""1""], ""net"": ""+5V""}, {""number"": ""2"", ""at"": [""5"", ""0"", ""270""], ""drill"": [""1""], ""net"": ""GND""}]",unchanged; manufacturer fit NOT newly verified
T1,81406b84-f587-4328-8377-b597fae42b21,1:1:1,oneTesla:GDT_6Pin_CONFIRMAR,"[""60.325"", ""58.42"", ""90""]","[{""number"": ""1"", ""at"": [""-9.017"", ""-4.572"", ""90""], ""drill"": [""1.016""], ""net"": ""Net-(T1-AA)""}, {""number"": ""2"", ""at"": [""-9.017"", ""4.445"", ""90""], ""drill"": [""1.016""], ""net"": ""Net-(T1-AB)""}, {""number"": ""3"", ""at"": [""3.683"", ""-4.445"", ""90""], ""drill"": [""1.016""], ""net"": ""/GATE_H""}, {""number"": ""4"", ""at"": [""8.763"", ""-4.445"", ""90""], ""drill"": [""1.016""], ""net"": ""/SW_NODE""}, {""number"": ""5"", ""at"": [""8.763"", ""4.445"", ""90""], ""drill"": [""1.016""], ""net"": ""/GATE_L""}, {""number"": ""6"", ""at"": [""3.683"", ""4.445"", ""90""], ""drill"": [""1.016""], ""net"": ""/DC_MINUS""}]",unchanged; manufacturer fit NOT newly verified
P2,87a76f20-6542-4130-90df-4685584d6a87,PRIMARIO B,oneTesla:Primary_Terminal_M6_CONFIRMAR,"[""19.685"", ""91.44"", ""90""]","[{""number"": ""1"", ""at"": [""0"", ""0"", ""90""], ""drill"": [""2.2""], ""net"": ""/DC_MID""}]",unchanged; manufacturer fit NOT newly verified
R4,8a4b53cb-a92a-4e07-a9cd-5611e8dba268,3R3,oneTesla:R_Axial_DIN0207_L6.3mm_D2.5mm_P7.62mm_Horizontal,"[""52.705"", ""53.975"", ""-90""]","[{""number"": ""1"", ""at"": [""0"", ""0"", ""270""], ""drill"": [""0.8""], ""net"": ""Net-(IC3-OUT-Pad6)""}, {""number"": ""2"", ""at"": [""7.62"", ""0"", ""270""], ""drill"": [""0.8""], ""net"": ""Net-(T1-AA)""}]",unchanged; manufacturer fit NOT newly verified
F1,8e5309a4-330d-4eca-841c-ff8e10370ccf,4A/250VAC,oneTesla:Fuseholder_Clip-5x20mm_Littelfuse_111_Inline_P20.00x5.00mm_D1.05mm_Horizontal,"[""85.09"", ""3.81"", ""180""]","[{""number"": ""1"", ""at"": [""5.08"", ""0"", ""180""], ""drill"": [""1.1938""], ""net"": ""/AC_L""}, {""number"": ""1"", ""at"": [""10.16"", ""0"", ""180""], ""drill"": [""1.1938""], ""net"": ""/AC_L""}, {""number"": ""2"", ""at"": [""-10.16"", ""0"", ""180""], ""drill"": [""1.1938""], ""net"": ""/AC_L_FUSED""}, {""number"": ""2"", ""at"": [""-5.08"", ""0"", ""180""], ""drill"": [""1.1938""], ""net"": ""/AC_L_FUSED""}]",unchanged; manufacturer fit NOT newly verified
IC2,96997fad-88d1-4fb7-8665-81168995b67e,74HCT74,oneTesla:DIP-14_W7.62mm_Socket_LongPads,"[""19.05"", ""42.545"", ""90""]","[{""number"": ""1"", ""at"": [""0"", ""0"", ""90""], ""drill"": [""0.8128""], ""net"": ""Net-(IC2A-~{R})""}, {""number"": ""2"", ""at"": [""0"", ""2.54"", ""90""], ""drill"": [""0.8128""], ""net"": ""+5V""}, {""number"": ""3"", ""at"": [""0"", ""5.08"", ""90""], ""drill"": [""0.8128""], ""net"": ""Net-(IC2A-C)""}, {""number"": ""4"", ""at"": [""0"", ""7.62"", ""90""], ""drill"": [""0.8128""], ""net"": ""+5V""}, {""number"": ""5"", ""at"": [""0"", ""10.16"", ""90""], ""drill"": [""0.8128""], ""net"": ""unconnected-(IC2A-Q-Pad5)""}, {""number"": ""6"", ""at"": [""0"", ""12.7"", ""90""], ""drill"": [""0.8128""], ""net"": ""/DRIVE_ENABLE""}, {""number"": ""7"", ""at"": [""0"", ""15.24"", ""90""], ""drill"": [""0.8128""], ""net"": ""GND""}, {""number"": ""8"", ""at"": [""7.62"", ""15.24"", ""90""], ""drill"": [""0.8128""], ""net"": ""unconnected-(IC2B-~{Q}-Pad8)""}, {""number"": ""9"", ""at"": [""7.62"", ""12.7"", ""90""], ""drill"": [""0.8128""], ""net"": ""unconnected-(IC2B-Q-Pad9)""}, {""number"": ""10"", ""at"": [""7.62"", ""10.16"", ""90""], ""drill"": [""0.8128""], ""net"": ""+5V""}, {""number"": ""11"", ""at"": [""7.62"", ""7.62"", ""90""], ""drill"": [""0.8128""], ""net"": ""GND""}, {""number"": ""12"", ""at"": [""7.62"", ""5.08"", ""90""], ""drill"": [""0.8128""], ""net"": ""GND""}, {""number"": ""13"", ""at"": [""7.62"", ""2.54"", ""90""], ""drill"": [""0.8128""], ""net"": ""+5V""}, {""number"": ""14"", ""at"": [""7.62"", ""0"", ""90""], ""drill"": [""0.8128""], ""net"": ""+5V""}]",unchanged; manufacturer fit NOT newly verified
FB1,9fa9a1ba-4537-43b2-9f87-389912ae0666,HFBR-2521ETZ,oneTesla:HFBR-2521ETZ,"[""34"", ""76"", ""90""]","[{""number"": ""1"", ""at"": [""0"", ""0"", ""90""], ""drill"": [""1.4""], ""net"": ""/OPTICAL_OUT""}, {""number"": ""2"", ""at"": [""2.54"", ""0"", ""90""], ""drill"": [""1.4""], ""net"": ""GND""}, {""number"": ""3"", ""at"": [""5.08"", ""0"", ""90""], ""drill"": [""1.4""], ""net"": ""+5V""}, {""number"": ""4"", ""at"": [""7.62"", ""0"", ""90""], ""drill"": [""1.4""], ""net"": ""+5V""}, {""number"": ""5"", ""at"": [""7.62"", ""-7.62"", ""90""], ""drill"": [""1.4""], ""net"": ""unconnected-(FB1-NC-Pad5)""}, {""number"": ""8"", ""at"": [""0"", ""-7.62"", ""90""], ""drill"": [""1.4""], ""net"": ""unconnected-(FB1-NC-Pad8)""}]",unchanged; manufacturer fit NOT newly verified
R6,a8ca0788-aecd-47da-82e9-4bfc70362a18,100k 0.5W,oneTesla:R_L9_P10.16_ReviewPending,"[""98.425"", ""27.94""]","[{""number"": ""1"", ""at"": [""-5.08"", ""0""], ""drill"": [""0.8128""], ""net"": ""/DC_MID""}, {""number"": ""2"", ""at"": [""5.08"", ""0""], ""drill"": [""0.8128""], ""net"": ""/DC_MINUS""}]",unchanged; manufacturer fit NOT newly verified
H4,b168aced-a020-41f0-9ecd-e2bf74278246,,oneTesla:MountingHole_D5.5,"[""91.186"", ""51.435""]","[{""number"": """", ""at"": [""0"", ""0""], ""drill"": [""5.5""], ""net"": """"}]",unchanged; manufacturer fit NOT newly verified
D2,cc163ef4-b31c-4e0a-a526-6b594020e5ba,1N4148,oneTesla:D_DO-35_SOD27_P7.62mm_Horizontal,"[""15.24"", ""61.595""]","[{""number"": ""1"", ""at"": [""0"", ""0""], ""drill"": [""0.8""], ""net"": ""+5V""}, {""number"": ""2"", ""at"": [""7.62"", ""0""], ""drill"": [""0.8""], ""net"": ""Net-(D1-K)""}]",unchanged; manufacturer fit NOT newly verified
H5,d3b76e2a-64a4-465d-8b9e-638fd56f7995,,oneTesla:MountingHole_D4.0,"[""102.3239"", ""101.6762""]","[{""number"": """", ""at"": [""0"", ""0""], ""drill"": [""4""], ""net"": """"}]",unchanged; manufacturer fit NOT newly verified
J2,dbc3914a-4fb0-40c3-a253-822e51f3b78e,PE/CHASSIS,oneTesla:Chassis_PE_M3,"[""102.362"", ""2.7559""]","[{""number"": ""1"", ""at"": [""0"", ""0""], ""drill"": [""3.2""], ""net"": ""/PE""}]",unchanged; manufacturer fit NOT newly verified
C2,de58467c-30af-45e4-a3db-055c2b68fd87,1u,oneTesla:C_Disc_D7.5mm_W2.5mm_P5.00mm,"[""15.875"", ""47.665"", ""-90""]","[{""number"": ""1"", ""at"": [""0"", ""0"", ""270""], ""drill"": [""1""], ""net"": ""+5V""}, {""number"": ""2"", ""at"": [""5"", ""0"", ""270""], ""drill"": [""1""], ""net"": ""GND""}]",unchanged; manufacturer fit NOT newly verified
C5,e1bf0896-2690-47cc-b34a-a6374d477679,1u,oneTesla:C_Disc_D7.5mm_W2.5mm_P5.00mm,"[""41.315"", ""42.545""]","[{""number"": ""1"", ""at"": [""0"", ""0""], ""drill"": [""1""], ""net"": ""+15V""}, {""number"": ""2"", ""at"": [""5"", ""0""], ""drill"": [""1""], ""net"": ""GND""}]",unchanged; manufacturer fit NOT newly verified
C13,e1eb67f7-0769-4c57-a480-830a7907fe19,100u 25V,oneTesla:CP_D8_P2.54_ReviewPending,"[""43.815"", ""57.785""]","[{""number"": ""1"", ""at"": [""-1.27"", ""0""], ""drill"": [""0.8128""], ""net"": ""+15V""}, {""number"": ""2"", ""at"": [""1.27"", ""0""], ""drill"": [""0.8128""], ""net"": ""GND""}]",unchanged; manufacturer fit NOT newly verified
IC4,e326c1c3-e31c-4f7c-989c-d81b384540bc,UCC37321P,oneTesla:DIP-8_W7.62mm_Socket_LongPads,"[""40.005"", ""65.405""]","[{""number"": ""1"", ""at"": [""0"", ""0""], ""drill"": [""0.8128""], ""net"": ""+15V""}, {""number"": ""2"", ""at"": [""0"", ""2.54""], ""drill"": [""0.8128""], ""net"": ""Net-(IC2A-C)""}, {""number"": ""3"", ""at"": [""0"", ""5.08""], ""drill"": [""0.8128""], ""net"": ""/DRIVE_ENABLE""}, {""number"": ""4"", ""at"": [""0"", ""7.62""], ""drill"": [""0.8128""], ""net"": ""GND""}, {""number"": ""5"", ""at"": [""7.62"", ""7.62""], ""drill"": [""0.8128""], ""net"": ""GND""}, {""number"": ""6"", ""at"": [""7.62"", ""5.08""], ""drill"": [""0.8128""], ""net"": ""Net-(C4-Pad1)""}, {""number"": ""7"", ""at"": [""7.62"", ""2.54""], ""drill"": [""0.8128""], ""net"": ""Net-(C4-Pad1)""}, {""number"": ""8"", ""at"": [""7.62"", ""0""], ""drill"": [""0.8128""], ""net"": ""+15V""}]",unchanged; manufacturer fit NOT newly verified
IC1,e401bd33-165f-4baf-9227-aa5c08519578,74HCT14,oneTesla:DIP-14_W7.62mm_Socket_LongPads,"[""19.05"", ""55.245"", ""90""]","[{""number"": ""1"", ""at"": [""0"", ""0"", ""90""], ""drill"": [""0.8128""], ""net"": ""Net-(D1-K)""}, {""number"": ""2"", ""at"": [""0"", ""2.54"", ""90""], ""drill"": [""0.8128""], ""net"": ""Net-(IC1-Pad2)""}, {""number"": ""3"", ""at"": [""0"", ""5.08"", ""90""], ""drill"": [""0.8128""], ""net"": ""Net-(IC1-Pad2)""}, {""number"": ""4"", ""at"": [""0"", ""7.62"", ""90""], ""drill"": [""0.8128""], ""net"": ""Net-(IC2A-C)""}, {""number"": ""5"", ""at"": [""0"", ""10.16"", ""90""], ""drill"": [""0.8128""], ""net"": ""Net-(IC2A-C)""}, {""number"": ""6"", ""at"": [""0"", ""12.7"", ""90""], ""drill"": [""0.8128""], ""net"": ""Net-(IC3-IN)""}, {""number"": ""7"", ""at"": [""0"", ""15.24"", ""90""], ""drill"": [""0.8128""], ""net"": ""GND""}, {""number"": ""8"", ""at"": [""7.62"", ""15.24"", ""90""], ""drill"": [""0.8128""], ""net"": ""unconnected-(IC1-Pad8)""}, {""number"": ""9"", ""at"": [""7.62"", ""12.7"", ""90""], ""drill"": [""0.8128""], ""net"": ""GND""}, {""number"": ""10"", ""at"": [""7.62"", ""10.16"", ""90""], ""drill"": [""0.8128""], ""net"": ""unconnected-(IC1-Pad10)""}, {""number"": ""11"", ""at"": [""7.62"", ""7.62"", ""90""], ""drill"": [""0.8128""], ""net"": ""GND""}, {""number"": ""12"", ""at"": [""7.62"", ""5.08"", ""90""], ""drill"": [""0.8128""], ""net"": ""Net-(IC2A-~{R})""}, {""number"": ""13"", ""at"": [""7.62"", ""2.54"", ""90""], ""drill"": [""0.8128""], ""net"": ""Net-(IC1-Pad13)""}, {""number"": ""14"", ""at"": [""7.62"", ""0"", ""90""], ""drill"": [""0.8128""], ""net"": ""+5V""}]",unchanged; manufacturer fit NOT newly verified
J1,e653be71-d40e-44ac-b3d0-19b2175e10f4,IEC C6,oneTesla:IEC_C6_CONFIRMAR,"[""52.705"", ""-3.429""]","[{""number"": """", ""at"": [""-6.5"", ""9.5""], ""drill"": [""3""], ""net"": """"}, {""number"": """", ""at"": [""6.5"", ""9.5""], ""drill"": [""3""], ""net"": """"}, {""number"": ""1"", ""at"": [""-7"", ""14.5""], ""drill"": [""1.5""], ""net"": ""/AC_L""}, {""number"": ""2"", ""at"": [""7"", ""14.5""], ""drill"": [""1.5""], ""net"": ""/AC_N""}, {""number"": ""3"", ""at"": [""0"", ""14.5""], ""drill"": [""1.5""], ""net"": ""/PE""}]",unchanged; manufacturer fit NOT newly verified
R1,f0ce8a38-c9cb-496c-a9db-58279ac7b519,1k 5W,oneTesla:R_L25_P30.48_Provisional,"[""11.43"", ""86.36"", ""90""]","[{""number"": ""1"", ""at"": [""-15.24"", ""0"", ""90""], ""drill"": [""1.3""], ""net"": ""Net-(T3-S1)""}, {""number"": ""2"", ""at"": [""15.24"", ""0"", ""90""], ""drill"": [""1.3""], ""net"": ""Net-(D1-K)""}]",unchanged; manufacturer fit NOT newly verified
Q2,f4611130-8dad-4440-abb7-6f721649d1a2,FGA60N65SMD,oneTesla:Q_TO3P_ImportedPads_ReviewPending,"[""71.9455"", ""63.765"", ""-90""]","[{""number"": ""1"", ""at"": [""0"", ""0""], ""drill"": [""1.4986""], ""net"": ""/GATE_L""}, {""number"": ""2"", ""at"": [""5.45"", ""0""], ""drill"": [""1.4986""], ""net"": ""/SW_NODE""}, {""number"": ""3"", ""at"": [""10.9"", ""0""], ""drill"": [""1.4986""], ""net"": ""/DC_MINUS""}]",unchanged; manufacturer fit NOT newly verified
Z1,f8de40fa-b032-4279-8663-0ebc81eb5e73,1.5KE510CA,oneTesla:D_DO201AD_P14.732_ReviewPending,"[""78.105"", ""48.895"", ""-90""]","[{""number"": ""1"", ""at"": [""-7.366"", ""0"", ""270""], ""drill"": [""1.1""], ""net"": ""/DC_PLUS""}, {""number"": ""2"", ""at"": [""7.366"", ""0"", ""270""], ""drill"": [""1.1""], ""net"": ""/SW_NODE""}]",unchanged; manufacturer fit NOT newly verified
C11,fe62df3f-686e-4249-812d-c21aae89a436,1000u 200V,oneTesla:CP_D30_P10.16_ReviewPending,"[""125"", ""60""]","[{""number"": ""1"", ""at"": [""-5.08"", ""0""], ""drill"": [""2""], ""net"": ""/DC_MID""}, {""number"": ""2"", ""at"": [""5.08"", ""0""], ""drill"": [""2""], ""net"": ""/DC_MINUS""}]",unchanged; manufacturer fit NOT newly verified
