arquivo,uso,numero_pads,anel_nominal_min_mm,checagens_basicas,limite
library/Resistor_THT.pretty/R_Array_SIP10.kicad_mod,NÃO USADO no PCB atual,10,0.4,sem anomalia nas checagens básicas,"Não verifica tolerâncias, anel efetivo após fabricação, encaixe ou pinagem contra MPN"
library/Resistor_THT.pretty/R_Array_SIP11.kicad_mod,NÃO USADO no PCB atual,11,0.4,sem anomalia nas checagens básicas,"Não verifica tolerâncias, anel efetivo após fabricação, encaixe ou pinagem contra MPN"
library/Resistor_THT.pretty/R_Array_SIP12.kicad_mod,NÃO USADO no PCB atual,12,0.4,sem anomalia nas checagens básicas,"Não verifica tolerâncias, anel efetivo após fabricação, encaixe ou pinagem contra MPN"
library/Resistor_THT.pretty/R_Array_SIP13.kicad_mod,NÃO USADO no PCB atual,13,0.4,sem anomalia nas checagens básicas,"Não verifica tolerâncias, anel efetivo após fabricação, encaixe ou pinagem contra MPN"
library/Resistor_THT.pretty/R_Array_SIP14.kicad_mod,NÃO USADO no PCB atual,14,0.4,sem anomalia nas checagens básicas,"Não verifica tolerâncias, anel efetivo após fabricação, encaixe ou pinagem contra MPN"
library/Resistor_THT.pretty/R_Array_SIP4.kicad_mod,NÃO USADO no PCB atual,4,0.4,sem anomalia nas checagens básicas,"Não verifica tolerâncias, anel efetivo após fabricação, encaixe ou pinagem contra MPN"
library/Resistor_THT.pretty/R_Array_SIP5.kicad_mod,NÃO USADO no PCB atual,5,0.4,sem anomalia nas checagens básicas,"Não verifica tolerâncias, anel efetivo após fabricação, encaixe ou pinagem contra MPN"
library/Resistor_THT.pretty/R_Array_SIP6.kicad_mod,NÃO USADO no PCB atual,6,0.4,sem anomalia nas checagens básicas,"Não verifica tolerâncias, anel efetivo após fabricação, encaixe ou pinagem contra MPN"
library/Resistor_THT.pretty/R_Array_SIP7.kicad_mod,NÃO USADO no PCB atual,7,0.4,sem anomalia nas checagens básicas,"Não verifica tolerâncias, anel efetivo após fabricação, encaixe ou pinagem contra MPN"
library/Resistor_THT.pretty/R_Array_SIP8.kicad_mod,NÃO USADO no PCB atual,8,0.4,sem anomalia nas checagens básicas,"Não verifica tolerâncias, anel efetivo após fabricação, encaixe ou pinagem contra MPN"
library/Resistor_THT.pretty/R_Array_SIP9.kicad_mod,NÃO USADO no PCB atual,9,0.4,sem anomalia nas checagens básicas,"Não verifica tolerâncias, anel efetivo após fabricação, encaixe ou pinagem contra MPN"
library/Resistor_THT.pretty/R_Axial_DIN0204_L3.6mm_D1.6mm_P1.90mm_Vertical.kicad_mod,NÃO USADO no PCB atual,2,0.35,sem anomalia nas checagens básicas,"Não verifica tolerâncias, anel efetivo após fabricação, encaixe ou pinagem contra MPN"
library/Resistor_THT.pretty/R_Axial_DIN0204_L3.6mm_D1.6mm_P2.54mm_Vertical.kicad_mod,NÃO USADO no PCB atual,2,0.35,sem anomalia nas checagens básicas,"Não verifica tolerâncias, anel efetivo após fabricação, encaixe ou pinagem contra MPN"
library/Resistor_THT.pretty/R_Axial_DIN0204_L3.6mm_D1.6mm_P5.08mm_Horizontal.kicad_mod,NÃO USADO no PCB atual,2,0.35,sem anomalia nas checagens básicas,"Não verifica tolerâncias, anel efetivo após fabricação, encaixe ou pinagem contra MPN"
library/Resistor_THT.pretty/R_Axial_DIN0204_L3.6mm_D1.6mm_P5.08mm_Vertical.kicad_mod,NÃO USADO no PCB atual,2,0.35,sem anomalia nas checagens básicas,"Não verifica tolerâncias, anel efetivo após fabricação, encaixe ou pinagem contra MPN"
library/Resistor_THT.pretty/R_Axial_DIN0204_L3.6mm_D1.6mm_P7.62mm_Horizontal.kicad_mod,NÃO USADO no PCB atual,2,0.35,sem anomalia nas checagens básicas,"Não verifica tolerâncias, anel efetivo após fabricação, encaixe ou pinagem contra MPN"
library/Resistor_THT.pretty/R_Axial_DIN0207_L6.3mm_D2.5mm_P10.16mm_Horizontal.kicad_mod,NÃO USADO no PCB atual,2,0.4,sem anomalia nas checagens básicas,"Não verifica tolerâncias, anel efetivo após fabricação, encaixe ou pinagem contra MPN"
library/Resistor_THT.pretty/R_Axial_DIN0207_L6.3mm_D2.5mm_P15.24mm_Horizontal.kicad_mod,NÃO USADO no PCB atual,2,0.4,sem anomalia nas checagens básicas,"Não verifica tolerâncias, anel efetivo após fabricação, encaixe ou pinagem contra MPN"
library/Resistor_THT.pretty/R_Axial_DIN0207_L6.3mm_D2.5mm_P2.54mm_Vertical.kicad_mod,NÃO USADO no PCB atual,2,0.4,sem anomalia nas checagens básicas,"Não verifica tolerâncias, anel efetivo após fabricação, encaixe ou pinagem contra MPN"
library/Resistor_THT.pretty/R_Axial_DIN0207_L6.3mm_D2.5mm_P5.08mm_Vertical.kicad_mod,NÃO USADO no PCB atual,2,0.4,sem anomalia nas checagens básicas,"Não verifica tolerâncias, anel efetivo após fabricação, encaixe ou pinagem contra MPN"
library/Resistor_THT.pretty/R_Axial_DIN0207_L6.3mm_D2.5mm_P7.62mm_Horizontal.kicad_mod,NÃO USADO no PCB atual,2,0.4,sem anomalia nas checagens básicas,"Não verifica tolerâncias, anel efetivo após fabricação, encaixe ou pinagem contra MPN"
library/Resistor_THT.pretty/R_Axial_DIN0309_L9.0mm_D3.2mm_P12.70mm_Horizontal.kicad_mod,NÃO USADO no PCB atual,2,0.4,sem anomalia nas checagens básicas,"Não verifica tolerâncias, anel efetivo após fabricação, encaixe ou pinagem contra MPN"
library/Resistor_THT.pretty/R_Axial_DIN0309_L9.0mm_D3.2mm_P15.24mm_Horizontal.kicad_mod,NÃO USADO no PCB atual,2,0.4,sem anomalia nas checagens básicas,"Não verifica tolerâncias, anel efetivo após fabricação, encaixe ou pinagem contra MPN"
library/Resistor_THT.pretty/R_Axial_DIN0309_L9.0mm_D3.2mm_P2.54mm_Vertical.kicad_mod,NÃO USADO no PCB atual,2,0.4,sem anomalia nas checagens básicas,"Não verifica tolerâncias, anel efetivo após fabricação, encaixe ou pinagem contra MPN"
library/Resistor_THT.pretty/R_Axial_DIN0309_L9.0mm_D3.2mm_P20.32mm_Horizontal.kicad_mod,NÃO USADO no PCB atual,2,0.4,sem anomalia nas checagens básicas,"Não verifica tolerâncias, anel efetivo após fabricação, encaixe ou pinagem contra MPN"
library/Resistor_THT.pretty/R_Axial_DIN0309_L9.0mm_D3.2mm_P25.40mm_Horizontal.kicad_mod,NÃO USADO no PCB atual,2,0.4,sem anomalia nas checagens básicas,"Não verifica tolerâncias, anel efetivo após fabricação, encaixe ou pinagem contra MPN"
library/Resistor_THT.pretty/R_Axial_DIN0309_L9.0mm_D3.2mm_P5.08mm_Vertical.kicad_mod,NÃO USADO no PCB atual,2,0.4,sem anomalia nas checagens básicas,"Não verifica tolerâncias, anel efetivo após fabricação, encaixe ou pinagem contra MPN"
library/Resistor_THT.pretty/R_Axial_DIN0411_L9.9mm_D3.6mm_P12.70mm_Horizontal.kicad_mod,NÃO USADO no PCB atual,2,0.6,sem anomalia nas checagens básicas,"Não verifica tolerâncias, anel efetivo após fabricação, encaixe ou pinagem contra MPN"
library/Resistor_THT.pretty/R_Axial_DIN0411_L9.9mm_D3.6mm_P15.24mm_Horizontal.kicad_mod,NÃO USADO no PCB atual,2,0.6,sem anomalia nas checagens básicas,"Não verifica tolerâncias, anel efetivo após fabricação, encaixe ou pinagem contra MPN"
library/Resistor_THT.pretty/R_Axial_DIN0411_L9.9mm_D3.6mm_P20.32mm_Horizontal.kicad_mod,NÃO USADO no PCB atual,2,0.6,sem anomalia nas checagens básicas,"Não verifica tolerâncias, anel efetivo após fabricação, encaixe ou pinagem contra MPN"
library/Resistor_THT.pretty/R_Axial_DIN0411_L9.9mm_D3.6mm_P25.40mm_Horizontal.kicad_mod,NÃO USADO no PCB atual,2,0.6,sem anomalia nas checagens básicas,"Não verifica tolerâncias, anel efetivo após fabricação, encaixe ou pinagem contra MPN"
library/Resistor_THT.pretty/R_Axial_DIN0411_L9.9mm_D3.6mm_P5.08mm_Vertical.kicad_mod,NÃO USADO no PCB atual,2,0.6,sem anomalia nas checagens básicas,"Não verifica tolerâncias, anel efetivo após fabricação, encaixe ou pinagem contra MPN"
library/Resistor_THT.pretty/R_Axial_DIN0411_L9.9mm_D3.6mm_P7.62mm_Vertical.kicad_mod,NÃO USADO no PCB atual,2,0.6,sem anomalia nas checagens básicas,"Não verifica tolerâncias, anel efetivo após fabricação, encaixe ou pinagem contra MPN"
library/Resistor_THT.pretty/R_Axial_DIN0414_L11.9mm_D4.5mm_P15.24mm_Horizontal.kicad_mod,NÃO USADO no PCB atual,2,0.6,sem anomalia nas checagens básicas,"Não verifica tolerâncias, anel efetivo após fabricação, encaixe ou pinagem contra MPN"
library/Resistor_THT.pretty/R_Axial_DIN0414_L11.9mm_D4.5mm_P20.32mm_Horizontal.kicad_mod,NÃO USADO no PCB atual,2,0.6,sem anomalia nas checagens básicas,"Não verifica tolerâncias, anel efetivo após fabricação, encaixe ou pinagem contra MPN"
library/Resistor_THT.pretty/R_Axial_DIN0414_L11.9mm_D4.5mm_P25.40mm_Horizontal.kicad_mod,NÃO USADO no PCB atual,2,0.6,sem anomalia nas checagens básicas,"Não verifica tolerâncias, anel efetivo após fabricação, encaixe ou pinagem contra MPN"
library/Resistor_THT.pretty/R_Axial_DIN0414_L11.9mm_D4.5mm_P5.08mm_Vertical.kicad_mod,NÃO USADO no PCB atual,2,0.6,sem anomalia nas checagens básicas,"Não verifica tolerâncias, anel efetivo após fabricação, encaixe ou pinagem contra MPN"
library/Resistor_THT.pretty/R_Axial_DIN0414_L11.9mm_D4.5mm_P7.62mm_Vertical.kicad_mod,NÃO USADO no PCB atual,2,0.6,sem anomalia nas checagens básicas,"Não verifica tolerâncias, anel efetivo após fabricação, encaixe ou pinagem contra MPN"
library/Resistor_THT.pretty/R_Axial_DIN0516_L15.5mm_D5.0mm_P20.32mm_Horizontal.kicad_mod,NÃO USADO no PCB atual,2,0.6,sem anomalia nas checagens básicas,"Não verifica tolerâncias, anel efetivo após fabricação, encaixe ou pinagem contra MPN"
library/Resistor_THT.pretty/R_Axial_DIN0516_L15.5mm_D5.0mm_P25.40mm_Horizontal.kicad_mod,NÃO USADO no PCB atual,2,0.6,sem anomalia nas checagens básicas,"Não verifica tolerâncias, anel efetivo após fabricação, encaixe ou pinagem contra MPN"
library/Resistor_THT.pretty/R_Axial_DIN0516_L15.5mm_D5.0mm_P30.48mm_Horizontal.kicad_mod,NÃO USADO no PCB atual,2,0.6,sem anomalia nas checagens básicas,"Não verifica tolerâncias, anel efetivo após fabricação, encaixe ou pinagem contra MPN"
library/Resistor_THT.pretty/R_Axial_DIN0516_L15.5mm_D5.0mm_P5.08mm_Vertical.kicad_mod,NÃO USADO no PCB atual,2,0.6,sem anomalia nas checagens básicas,"Não verifica tolerâncias, anel efetivo após fabricação, encaixe ou pinagem contra MPN"
library/Resistor_THT.pretty/R_Axial_DIN0516_L15.5mm_D5.0mm_P7.62mm_Vertical.kicad_mod,NÃO USADO no PCB atual,2,0.6,sem anomalia nas checagens básicas,"Não verifica tolerâncias, anel efetivo após fabricação, encaixe ou pinagem contra MPN"
library/Resistor_THT.pretty/R_Axial_DIN0614_L14.3mm_D5.7mm_P15.24mm_Horizontal.kicad_mod,NÃO USADO no PCB atual,2,0.7,sem anomalia nas checagens básicas,"Não verifica tolerâncias, anel efetivo após fabricação, encaixe ou pinagem contra MPN"
library/Resistor_THT.pretty/R_Axial_DIN0614_L14.3mm_D5.7mm_P20.32mm_Horizontal.kicad_mod,NÃO USADO no PCB atual,2,0.7,sem anomalia nas checagens básicas,"Não verifica tolerâncias, anel efetivo após fabricação, encaixe ou pinagem contra MPN"
library/Resistor_THT.pretty/R_Axial_DIN0614_L14.3mm_D5.7mm_P25.40mm_Horizontal.kicad_mod,NÃO USADO no PCB atual,2,0.7,sem anomalia nas checagens básicas,"Não verifica tolerâncias, anel efetivo após fabricação, encaixe ou pinagem contra MPN"
library/Resistor_THT.pretty/R_Axial_DIN0614_L14.3mm_D5.7mm_P5.08mm_Vertical.kicad_mod,NÃO USADO no PCB atual,2,0.7,sem anomalia nas checagens básicas,"Não verifica tolerâncias, anel efetivo após fabricação, encaixe ou pinagem contra MPN"
library/Resistor_THT.pretty/R_Axial_DIN0614_L14.3mm_D5.7mm_P7.62mm_Vertical.kicad_mod,NÃO USADO no PCB atual,2,0.7,sem anomalia nas checagens básicas,"Não verifica tolerâncias, anel efetivo após fabricação, encaixe ou pinagem contra MPN"
library/Resistor_THT.pretty/R_Axial_DIN0617_L17.0mm_D6.0mm_P20.32mm_Horizontal.kicad_mod,NÃO USADO no PCB atual,2,0.6,sem anomalia nas checagens básicas,"Não verifica tolerâncias, anel efetivo após fabricação, encaixe ou pinagem contra MPN"
library/Resistor_THT.pretty/R_Axial_DIN0617_L17.0mm_D6.0mm_P25.40mm_Horizontal.kicad_mod,NÃO USADO no PCB atual,2,0.6,sem anomalia nas checagens básicas,"Não verifica tolerâncias, anel efetivo após fabricação, encaixe ou pinagem contra MPN"
library/Resistor_THT.pretty/R_Axial_DIN0617_L17.0mm_D6.0mm_P30.48mm_Horizontal.kicad_mod,NÃO USADO no PCB atual,2,0.6,sem anomalia nas checagens básicas,"Não verifica tolerâncias, anel efetivo após fabricação, encaixe ou pinagem contra MPN"
library/Resistor_THT.pretty/R_Axial_DIN0617_L17.0mm_D6.0mm_P5.08mm_Vertical.kicad_mod,NÃO USADO no PCB atual,2,0.6,sem anomalia nas checagens básicas,"Não verifica tolerâncias, anel efetivo após fabricação, encaixe ou pinagem contra MPN"
library/Resistor_THT.pretty/R_Axial_DIN0617_L17.0mm_D6.0mm_P7.62mm_Vertical.kicad_mod,NÃO USADO no PCB atual,2,0.6,sem anomalia nas checagens básicas,"Não verifica tolerâncias, anel efetivo após fabricação, encaixe ou pinagem contra MPN"
library/Resistor_THT.pretty/R_Axial_DIN0918_L18.0mm_D9.0mm_P22.86mm_Horizontal.kicad_mod,NÃO USADO no PCB atual,2,0.6,sem anomalia nas checagens básicas,"Não verifica tolerâncias, anel efetivo após fabricação, encaixe ou pinagem contra MPN"
library/Resistor_THT.pretty/R_Axial_DIN0918_L18.0mm_D9.0mm_P25.40mm_Horizontal.kicad_mod,NÃO USADO no PCB atual,2,0.6,sem anomalia nas checagens básicas,"Não verifica tolerâncias, anel efetivo após fabricação, encaixe ou pinagem contra MPN"
library/Resistor_THT.pretty/R_Axial_DIN0918_L18.0mm_D9.0mm_P30.48mm_Horizontal.kicad_mod,NÃO USADO no PCB atual,2,0.6,sem anomalia nas checagens básicas,"Não verifica tolerâncias, anel efetivo após fabricação, encaixe ou pinagem contra MPN"
library/Resistor_THT.pretty/R_Axial_DIN0918_L18.0mm_D9.0mm_P7.62mm_Vertical.kicad_mod,NÃO USADO no PCB atual,2,0.6,sem anomalia nas checagens básicas,"Não verifica tolerâncias, anel efetivo após fabricação, encaixe ou pinagem contra MPN"
library/Resistor_THT.pretty/R_Axial_DIN0922_L20.0mm_D9.0mm_P25.40mm_Horizontal.kicad_mod,NÃO USADO no PCB atual,2,0.6,sem anomalia nas checagens básicas,"Não verifica tolerâncias, anel efetivo após fabricação, encaixe ou pinagem contra MPN"
library/Resistor_THT.pretty/R_Axial_DIN0922_L20.0mm_D9.0mm_P30.48mm_Horizontal.kicad_mod,NÃO USADO no PCB atual,2,0.6,sem anomalia nas checagens básicas,"Não verifica tolerâncias, anel efetivo após fabricação, encaixe ou pinagem contra MPN"
library/Resistor_THT.pretty/R_Axial_DIN0922_L20.0mm_D9.0mm_P7.62mm_Vertical.kicad_mod,NÃO USADO no PCB atual,2,0.6,sem anomalia nas checagens básicas,"Não verifica tolerâncias, anel efetivo após fabricação, encaixe ou pinagem contra MPN"
library/Resistor_THT.pretty/R_Axial_Power_L20.0mm_W6.4mm_P22.40mm.kicad_mod,NÃO USADO no PCB atual,2,0.6,sem anomalia nas checagens básicas,"Não verifica tolerâncias, anel efetivo após fabricação, encaixe ou pinagem contra MPN"
library/Resistor_THT.pretty/R_Axial_Power_L20.0mm_W6.4mm_P25.40mm.kicad_mod,NÃO USADO no PCB atual,2,0.6,sem anomalia nas checagens básicas,"Não verifica tolerâncias, anel efetivo após fabricação, encaixe ou pinagem contra MPN"
library/Resistor_THT.pretty/R_Axial_Power_L20.0mm_W6.4mm_P30.48mm.kicad_mod,NÃO USADO no PCB atual,2,0.6,sem anomalia nas checagens básicas,"Não verifica tolerâncias, anel efetivo após fabricação, encaixe ou pinagem contra MPN"
library/Resistor_THT.pretty/R_Axial_Power_L20.0mm_W6.4mm_P5.08mm_Vertical.kicad_mod,NÃO USADO no PCB atual,2,0.6,sem anomalia nas checagens básicas,"Não verifica tolerâncias, anel efetivo após fabricação, encaixe ou pinagem contra MPN"
library/Resistor_THT.pretty/R_Axial_Power_L20.0mm_W6.4mm_P7.62mm_Vertical.kicad_mod,NÃO USADO no PCB atual,2,0.6,sem anomalia nas checagens básicas,"Não verifica tolerâncias, anel efetivo após fabricação, encaixe ou pinagem contra MPN"
library/Resistor_THT.pretty/R_Axial_Power_L25.0mm_W6.4mm_P27.94mm.kicad_mod,NÃO USADO no PCB atual,2,0.6,sem anomalia nas checagens básicas,"Não verifica tolerâncias, anel efetivo após fabricação, encaixe ou pinagem contra MPN"
library/Resistor_THT.pretty/R_Axial_Power_L25.0mm_W6.4mm_P30.48mm.kicad_mod,NÃO USADO no PCB atual,2,0.6,sem anomalia nas checagens básicas,"Não verifica tolerâncias, anel efetivo após fabricação, encaixe ou pinagem contra MPN"
library/Resistor_THT.pretty/R_Axial_Power_L25.0mm_W9.0mm_P10.16mm_Vertical.kicad_mod,NÃO USADO no PCB atual,2,0.6,sem anomalia nas checagens básicas,"Não verifica tolerâncias, anel efetivo após fabricação, encaixe ou pinagem contra MPN"
library/Resistor_THT.pretty/R_Axial_Power_L25.0mm_W9.0mm_P27.94mm.kicad_mod,NÃO USADO no PCB atual,2,0.6,sem anomalia nas checagens básicas,"Não verifica tolerâncias, anel efetivo após fabricação, encaixe ou pinagem contra MPN"
library/Resistor_THT.pretty/R_Axial_Power_L25.0mm_W9.0mm_P30.48mm.kicad_mod,NÃO USADO no PCB atual,2,0.6,sem anomalia nas checagens básicas,"Não verifica tolerâncias, anel efetivo após fabricação, encaixe ou pinagem contra MPN"
library/Resistor_THT.pretty/R_Axial_Power_L25.0mm_W9.0mm_P7.62mm_Vertical.kicad_mod,NÃO USADO no PCB atual,2,0.6,sem anomalia nas checagens básicas,"Não verifica tolerâncias, anel efetivo após fabricação, encaixe ou pinagem contra MPN"
library/Resistor_THT.pretty/R_Axial_Power_L38.0mm_W6.4mm_P40.64mm.kicad_mod,NÃO USADO no PCB atual,2,0.6,sem anomalia nas checagens básicas,"Não verifica tolerâncias, anel efetivo após fabricação, encaixe ou pinagem contra MPN"
library/Resistor_THT.pretty/R_Axial_Power_L38.0mm_W6.4mm_P45.72mm.kicad_mod,NÃO USADO no PCB atual,2,0.6,sem anomalia nas checagens básicas,"Não verifica tolerâncias, anel efetivo após fabricação, encaixe ou pinagem contra MPN"
library/Resistor_THT.pretty/R_Axial_Power_L38.0mm_W9.0mm_P40.64mm.kicad_mod,NÃO USADO no PCB atual,2,0.6,sem anomalia nas checagens básicas,"Não verifica tolerâncias, anel efetivo após fabricação, encaixe ou pinagem contra MPN"
library/Resistor_THT.pretty/R_Axial_Power_L38.0mm_W9.0mm_P45.72mm.kicad_mod,NÃO USADO no PCB atual,2,0.6,sem anomalia nas checagens básicas,"Não verifica tolerâncias, anel efetivo após fabricação, encaixe ou pinagem contra MPN"
library/Resistor_THT.pretty/R_Axial_Power_L48.0mm_W12.5mm_P10.16mm_Vertical.kicad_mod,NÃO USADO no PCB atual,2,0.6,sem anomalia nas checagens básicas,"Não verifica tolerâncias, anel efetivo após fabricação, encaixe ou pinagem contra MPN"
library/Resistor_THT.pretty/R_Axial_Power_L48.0mm_W12.5mm_P55.88mm.kicad_mod,NÃO USADO no PCB atual,2,0.6,sem anomalia nas checagens básicas,"Não verifica tolerâncias, anel efetivo após fabricação, encaixe ou pinagem contra MPN"
library/Resistor_THT.pretty/R_Axial_Power_L48.0mm_W12.5mm_P60.96mm.kicad_mod,NÃO USADO no PCB atual,2,0.6,sem anomalia nas checagens básicas,"Não verifica tolerâncias, anel efetivo após fabricação, encaixe ou pinagem contra MPN"
library/Resistor_THT.pretty/R_Axial_Power_L48.0mm_W12.5mm_P7.62mm_Vertical.kicad_mod,NÃO USADO no PCB atual,2,0.6,sem anomalia nas checagens básicas,"Não verifica tolerâncias, anel efetivo após fabricação, encaixe ou pinagem contra MPN"
library/Resistor_THT.pretty/R_Axial_Power_L50.0mm_W9.0mm_P55.88mm.kicad_mod,NÃO USADO no PCB atual,2,0.6,sem anomalia nas checagens básicas,"Não verifica tolerâncias, anel efetivo após fabricação, encaixe ou pinagem contra MPN"
library/Resistor_THT.pretty/R_Axial_Power_L50.0mm_W9.0mm_P60.96mm.kicad_mod,NÃO USADO no PCB atual,2,0.6,sem anomalia nas checagens básicas,"Não verifica tolerâncias, anel efetivo após fabricação, encaixe ou pinagem contra MPN"
library/Resistor_THT.pretty/R_Axial_Power_L60.0mm_W14.0mm_P10.16mm_Vertical.kicad_mod,NÃO USADO no PCB atual,2,0.6,sem anomalia nas checagens básicas,"Não verifica tolerâncias, anel efetivo após fabricação, encaixe ou pinagem contra MPN"
library/Resistor_THT.pretty/R_Axial_Power_L60.0mm_W14.0mm_P66.04mm.kicad_mod,NÃO USADO no PCB atual,2,0.6,sem anomalia nas checagens básicas,"Não verifica tolerâncias, anel efetivo após fabricação, encaixe ou pinagem contra MPN"
library/Resistor_THT.pretty/R_Axial_Power_L60.0mm_W14.0mm_P71.12mm.kicad_mod,NÃO USADO no PCB atual,2,0.6,sem anomalia nas checagens básicas,"Não verifica tolerâncias, anel efetivo após fabricação, encaixe ou pinagem contra MPN"
library/Resistor_THT.pretty/R_Axial_Power_L75.0mm_W9.0mm_P81.28mm.kicad_mod,NÃO USADO no PCB atual,2,0.6,sem anomalia nas checagens básicas,"Não verifica tolerâncias, anel efetivo após fabricação, encaixe ou pinagem contra MPN"
library/Resistor_THT.pretty/R_Axial_Power_L75.0mm_W9.0mm_P86.36mm.kicad_mod,NÃO USADO no PCB atual,2,0.6,sem anomalia nas checagens básicas,"Não verifica tolerâncias, anel efetivo após fabricação, encaixe ou pinagem contra MPN"
library/Resistor_THT.pretty/R_Axial_Shunt_L22.2mm_W8.0mm_PS14.30mm_P25.40mm.kicad_mod,NÃO USADO no PCB atual,4,0.75,sem anomalia nas checagens básicas,"Não verifica tolerâncias, anel efetivo após fabricação, encaixe ou pinagem contra MPN"
library/Resistor_THT.pretty/R_Axial_Shunt_L22.2mm_W9.5mm_PS14.30mm_P25.40mm.kicad_mod,NÃO USADO no PCB atual,4,0.75,sem anomalia nas checagens básicas,"Não verifica tolerâncias, anel efetivo após fabricação, encaixe ou pinagem contra MPN"
library/Resistor_THT.pretty/R_Axial_Shunt_L35.3mm_W9.5mm_PS25.40mm_P38.10mm.kicad_mod,NÃO USADO no PCB atual,4,0.75,sem anomalia nas checagens básicas,"Não verifica tolerâncias, anel efetivo após fabricação, encaixe ou pinagem contra MPN"
library/Resistor_THT.pretty/R_Axial_Shunt_L47.6mm_W12.7mm_PS34.93mm_P50.80mm.kicad_mod,NÃO USADO no PCB atual,4,0.75,sem anomalia nas checagens básicas,"Não verifica tolerâncias, anel efetivo após fabricação, encaixe ou pinagem contra MPN"
library/Resistor_THT.pretty/R_Axial_Shunt_L47.6mm_W9.5mm_PS34.93mm_P50.80mm.kicad_mod,NÃO USADO no PCB atual,4,0.75,sem anomalia nas checagens básicas,"Não verifica tolerâncias, anel efetivo após fabricação, encaixe ou pinagem contra MPN"
library/Resistor_THT.pretty/R_Bare_Metal_Element_L12.4mm_W4.8mm_P11.40mm.kicad_mod,NÃO USADO no PCB atual,2,0.75,sem anomalia nas checagens básicas,"Não verifica tolerâncias, anel efetivo após fabricação, encaixe ou pinagem contra MPN"
library/Resistor_THT.pretty/R_Bare_Metal_Element_L16.3mm_W4.8mm_P15.30mm.kicad_mod,NÃO USADO no PCB atual,2,0.75,sem anomalia nas checagens básicas,"Não verifica tolerâncias, anel efetivo após fabricação, encaixe ou pinagem contra MPN"
library/Resistor_THT.pretty/R_Bare_Metal_Element_L21.3mm_W4.8mm_P20.30mm.kicad_mod,NÃO USADO no PCB atual,2,0.75,sem anomalia nas checagens básicas,"Não verifica tolerâncias, anel efetivo após fabricação, encaixe ou pinagem contra MPN"
library/Resistor_THT.pretty/R_Box_L13.0mm_W4.0mm_P9.00mm.kicad_mod,NÃO USADO no PCB atual,2,0.5,sem anomalia nas checagens básicas,"Não verifica tolerâncias, anel efetivo após fabricação, encaixe ou pinagem contra MPN"
library/Resistor_THT.pretty/R_Box_L14.0mm_W5.0mm_P9.00mm.kicad_mod,NÃO USADO no PCB atual,2,0.5,sem anomalia nas checagens básicas,"Não verifica tolerâncias, anel efetivo após fabricação, encaixe ou pinagem contra MPN"
library/Resistor_THT.pretty/R_Box_L26.0mm_W5.0mm_P20.00mm.kicad_mod,NÃO USADO no PCB atual,2,0.7,sem anomalia nas checagens básicas,"Não verifica tolerâncias, anel efetivo após fabricação, encaixe ou pinagem contra MPN"
library/Resistor_THT.pretty/R_Box_L8.4mm_W2.5mm_P5.08mm.kicad_mod,NÃO USADO no PCB atual,2,0.4,sem anomalia nas checagens básicas,"Não verifica tolerâncias, anel efetivo após fabricação, encaixe ou pinagem contra MPN"
library/Resistor_THT.pretty/R_Radial_Power_L11.0mm_W7.0mm_P5.00mm.kicad_mod,NÃO USADO no PCB atual,2,0.6,sem anomalia nas checagens básicas,"Não verifica tolerâncias, anel efetivo após fabricação, encaixe ou pinagem contra MPN"
library/Resistor_THT.pretty/R_Radial_Power_L12.0mm_W8.0mm_P5.00mm.kicad_mod,NÃO USADO no PCB atual,2,0.6,sem anomalia nas checagens básicas,"Não verifica tolerâncias, anel efetivo após fabricação, encaixe ou pinagem contra MPN"
library/Resistor_THT.pretty/R_Radial_Power_L13.0mm_W9.0mm_P5.00mm.kicad_mod,NÃO USADO no PCB atual,2,0.6,sem anomalia nas checagens básicas,"Não verifica tolerâncias, anel efetivo após fabricação, encaixe ou pinagem contra MPN"
library/Resistor_THT.pretty/R_Radial_Power_L16.1mm_W9.0mm_P7.37mm.kicad_mod,NÃO USADO no PCB atual,2,0.7,sem anomalia nas checagens básicas,"Não verifica tolerâncias, anel efetivo após fabricação, encaixe ou pinagem contra MPN"
library/Resistor_THT.pretty/R_Radial_Power_L7.0mm_W8.0mm_Px2.40mm_Py2.30mm.kicad_mod,NÃO USADO no PCB atual,2,0.6,sem anomalia nas checagens básicas,"Não verifica tolerâncias, anel efetivo após fabricação, encaixe ou pinagem contra MPN"
library/Resistor_THT.pretty/R_Radial_Power_L9.0mm_W10.0mm_Px2.70mm_Py2.30mm.kicad_mod,NÃO USADO no PCB atual,2,0.6,sem anomalia nas checagens básicas,"Não verifica tolerâncias, anel efetivo após fabricação, encaixe ou pinagem contra MPN"
library/oneTesla.pretty/CDE_940C30S68K_F_CONFIRMAR.kicad_mod,PCB,2,1.3,sem anomalia nas checagens básicas,"Não verifica tolerâncias, anel efetivo após fabricação, encaixe ou pinagem contra MPN"
library/oneTesla.pretty/CP_Radial_D12.5mm_P5.00mm.kicad_mod,PCB,2,0.4936,sem anomalia nas checagens básicas,"Não verifica tolerâncias, anel efetivo após fabricação, encaixe ou pinagem contra MPN"
library/oneTesla.pretty/CP_Radial_D30.0mm_P10.00mm_SnapIn.kicad_mod,PCB,2,1.0,sem anomalia nas checagens básicas,"Não verifica tolerâncias, anel efetivo após fabricação, encaixe ou pinagem contra MPN"
library/oneTesla.pretty/CP_Radial_D8.0mm_P3.50mm.kicad_mod,PCB,2,0.3936,sem anomalia nas checagens básicas,"Não verifica tolerâncias, anel efetivo após fabricação, encaixe ou pinagem contra MPN"
library/oneTesla.pretty/CT_1_300_P12.70mm_CONFIRMAR.kicad_mod,PCB,2,0.615,sem anomalia nas checagens básicas,"Não verifica tolerâncias, anel efetivo após fabricação, encaixe ou pinagem contra MPN"
library/oneTesla.pretty/C_Disc_D7.5mm_W2.5mm_P5.00mm.kicad_mod,PCB,2,0.5,sem anomalia nas checagens básicas,"Não verifica tolerâncias, anel efetivo após fabricação, encaixe ou pinagem contra MPN"
library/oneTesla.pretty/Chassis_PE_M3.kicad_mod,PCB,1,0.95,sem anomalia nas checagens básicas,"Não verifica tolerâncias, anel efetivo após fabricação, encaixe ou pinagem contra MPN"
library/oneTesla.pretty/DIP-14_W7.62mm_Socket_LongPads.kicad_mod,PCB,14,0.3936,sem anomalia nas checagens básicas,"Não verifica tolerâncias, anel efetivo após fabricação, encaixe ou pinagem contra MPN"
library/oneTesla.pretty/DIP-8_W7.62mm.kicad_mod,NÃO USADO no PCB atual,8,0.4,sem anomalia nas checagens básicas,"Não verifica tolerâncias, anel efetivo após fabricação, encaixe ou pinagem contra MPN"
library/oneTesla.pretty/DIP-8_W7.62mm_Socket_LongPads.kicad_mod,PCB,8,0.3936,sem anomalia nas checagens básicas,"Não verifica tolerâncias, anel efetivo após fabricação, encaixe ou pinagem contra MPN"
library/oneTesla.pretty/D_DO-201AD_P15.24mm_Horizontal.kicad_mod,PCB,2,0.95,sem anomalia nas checagens básicas,"Não verifica tolerâncias, anel efetivo após fabricação, encaixe ou pinagem contra MPN"
library/oneTesla.pretty/D_DO-35_SOD27_P7.62mm_Horizontal.kicad_mod,PCB,2,0.4,sem anomalia nas checagens básicas,"Não verifica tolerâncias, anel efetivo após fabricação, encaixe ou pinagem contra MPN"
library/oneTesla.pretty/D_SMA.kicad_mod,NÃO USADO no PCB atual,2,N/A,sem anomalia nas checagens básicas,"Não verifica tolerâncias, anel efetivo após fabricação, encaixe ou pinagem contra MPN"
library/oneTesla.pretty/D_SMB.kicad_mod,NÃO USADO no PCB atual,2,N/A,sem anomalia nas checagens básicas,"Não verifica tolerâncias, anel efetivo após fabricação, encaixe ou pinagem contra MPN"
library/oneTesla.pretty/D_SMC.kicad_mod,NÃO USADO no PCB atual,2,N/A,sem anomalia nas checagens básicas,"Não verifica tolerâncias, anel efetivo após fabricação, encaixe ou pinagem contra MPN"
library/oneTesla.pretty/Diode_Bridge_DIP-4_W7.62mm_P5.08mm.kicad_mod,NÃO USADO no PCB atual,4,0.4,sem anomalia nas checagens básicas,"Não verifica tolerâncias, anel efetivo após fabricação, encaixe ou pinagem contra MPN"
library/oneTesla.pretty/Diode_Bridge_Vishay_KBU.kicad_mod,PCB,4,0.6507,sem anomalia nas checagens básicas,"Não verifica tolerâncias, anel efetivo após fabricação, encaixe ou pinagem contra MPN"
library/oneTesla.pretty/EI30_12VAC_CONFIRMAR.kicad_mod,NÃO USADO no PCB atual,4,0.7,sem anomalia nas checagens básicas,"Não verifica tolerâncias, anel efetivo após fabricação, encaixe ou pinagem contra MPN"
library/oneTesla.pretty/Fuseholder_Clip-5x20mm_Littelfuse_111_Inline_P20.00x5.00mm_D1.05mm_Horizontal.kicad_mod,PCB,4,0.6531,sem anomalia nas checagens básicas,"Não verifica tolerâncias, anel efetivo após fabricação, encaixe ou pinagem contra MPN"
library/oneTesla.pretty/GDT_6Pin_CONFIRMAR.kicad_mod,PCB,6,0.592,sem anomalia nas checagens básicas,"Não verifica tolerâncias, anel efetivo após fabricação, encaixe ou pinagem contra MPN"
library/oneTesla.pretty/HFBR-2521ETZ.kicad_mod,PCB,7,0.35,sem anomalia nas checagens básicas,"Não verifica tolerâncias, anel efetivo após fabricação, encaixe ou pinagem contra MPN"
library/oneTesla.pretty/HLK-15M15BL.kicad_mod,PCB,4,0.7,sem anomalia nas checagens básicas,"Não verifica tolerâncias, anel efetivo após fabricação, encaixe ou pinagem contra MPN"
library/oneTesla.pretty/IEC_C6_CONFIRMAR.kicad_mod,PCB,5,0.75,sem anomalia nas checagens básicas,"Não verifica tolerâncias, anel efetivo após fabricação, encaixe ou pinagem contra MPN"
library/oneTesla.pretty/J110_WireLink_P10.16mm.kicad_mod,PCB,2,0.9,sem anomalia nas checagens básicas,"Não verifica tolerâncias, anel efetivo após fabricação, encaixe ou pinagem contra MPN"
library/oneTesla.pretty/Primary_Terminal_M6_CONFIRMAR.kicad_mod,PCB,1,0.9,sem anomalia nas checagens básicas,"Não verifica tolerâncias, anel efetivo após fabricação, encaixe ou pinagem contra MPN"
library/oneTesla.pretty/R_Axial_DIN0207_L6.3mm_D2.5mm_P7.62mm_Horizontal.kicad_mod,PCB,2,0.4,sem anomalia nas checagens básicas,"Não verifica tolerâncias, anel efetivo após fabricação, encaixe ou pinagem contra MPN"
library/oneTesla.pretty/R_Axial_DIN0309_L9.0mm_D3.2mm_P12.70mm_Horizontal.kicad_mod,PCB,2,0.3936,sem anomalia nas checagens básicas,"Não verifica tolerâncias, anel efetivo após fabricação, encaixe ou pinagem contra MPN"
library/oneTesla.pretty/R_Axial_Power_L25.0mm_W6.4mm_P30.48mm.kicad_mod,PCB,2,0.55,sem anomalia nas checagens básicas,"Não verifica tolerâncias, anel efetivo após fabricação, encaixe ou pinagem contra MPN"
library/oneTesla.pretty/SOP-14_5.3x10.2mm_P1.27mm.kicad_mod,NÃO USADO no PCB atual,14,N/A,sem anomalia nas checagens básicas,"Não verifica tolerâncias, anel efetivo após fabricação, encaixe ou pinagem contra MPN"
library/oneTesla.pretty/TO-3P-3_Horizontal_TabDown.kicad_mod,PCB,3,0.5007,sem anomalia nas checagens básicas,"Não verifica tolerâncias, anel efetivo após fabricação, encaixe ou pinagem contra MPN"
library/oneTesla.pretty/TO-92_Inline.kicad_mod,PCB,3,0.3936,sem anomalia nas checagens básicas,"Não verifica tolerâncias, anel efetivo após fabricação, encaixe ou pinagem contra MPN"
