referencia,valor,library,package,x,y,rot,pads,cobertura
D1,1N4148DO35-7,diode,DO35-7,19.05,46.99,R180,"[{""name"": ""C"", ""x"": ""-3.81"", ""y"": ""0"", ""drill"": ""0.8128"", ""shape"": ""long""}, {""name"": ""A"", ""x"": ""3.81"", ""y"": ""0"", ""drill"": ""0.8128"", ""shape"": ""long""}]",geometria/pinagem inventariadas; original legado; não liberar fabricação; sem DRC Eagle
D2,1N4148DO35-7,diode,DO35-7,19.05,44.45,R0,"[{""name"": ""C"", ""x"": ""-3.81"", ""y"": ""0"", ""drill"": ""0.8128"", ""shape"": ""long""}, {""name"": ""A"", ""x"": ""3.81"", ""y"": ""0"", ""drill"": ""0.8128"", ""shape"": ""long""}]",geometria/pinagem inventariadas; original legado; não liberar fabricação; sem DRC Eagle
IC1,74HCT14,74xx-us,DIL14,26.67,54.61,R0,"[{""name"": ""1"", ""x"": ""-7.62"", ""y"": ""-3.81"", ""drill"": ""0.8128"", ""shape"": ""long"", ""rot"": ""R90""}, {""name"": ""2"", ""x"": ""-5.08"", ""y"": ""-3.81"", ""drill"": ""0.8128"", ""shape"": ""long"", ""rot"": ""R90""}, {""name"": ""7"", ""x"": ""7.62"", ""y"": ""-3.81"", ""drill"": ""0.8128"", ""shape"": ""long"", ""rot"": ""R90""}, {""name"": ""8"", ""x"": ""7.62"", ""y"": ""3.81"", ""drill"": ""0.8128"", ""shape"": ""long"", ""rot"": ""R90""}, {""name"": ""3"", ""x"": ""-2.54"", ""y"": ""-3.81"", ""drill"": ""0.8128"", ""shape"": ""long"", ""rot"": ""R90""}, {""name"": ""4"", ""x"": ""0"", ""y"": ""-3.81"", ""drill"": ""0.8128"", ""shape"": ""long"", ""rot"": ""R90""}, {""name"": ""6"", ""x"": ""5.08"", ""y"": ""-3.81"", ""drill"": ""0.8128"", ""shape"": ""long"", ""rot"": ""R90""}, {""name"": ""5"", ""x"": ""2.54"", ""y"": ""-3.81"", ""drill"": ""0.8128"", ""shape"": ""long"", ""rot"": ""R90""}, {""name"": ""9"", ""x"": ""5.08"", ""y"": ""3.81"", ""drill"": ""0.8128"", ""shape"": ""long"", ""rot"": ""R90""}, {""name"": ""10"", ""x"": ""2.54"", ""y"": ""3.81"", ""drill"": ""0.8128"", ""shape"": ""long"", ""rot"": ""R90""}, {""name"": ""11"", ""x"": ""0"", ""y"": ""3.81"", ""drill"": ""0.8128"", ""shape"": ""long"", ""rot"": ""R90""}, {""name"": ""12"", ""x"": ""-2.54"", ""y"": ""3.81"", ""drill"": ""0.8128"", ""shape"": ""long"", ""rot"": ""R90""}, {""name"": ""13"", ""x"": ""-5.08"", ""y"": ""3.81"", ""drill"": ""0.8128"", ""shape"": ""long"", ""rot"": ""R90""}, {""name"": ""14"", ""x"": ""-7.62"", ""y"": ""3.81"", ""drill"": ""0.8128"", ""shape"": ""long"", ""rot"": ""R90""}]",geometria/pinagem inventariadas; original legado; não liberar fabricação; sem DRC Eagle
IC2,74HCT74,74xx-us,DIL14,26.67,67.31,R0,"[{""name"": ""1"", ""x"": ""-7.62"", ""y"": ""-3.81"", ""drill"": ""0.8128"", ""shape"": ""long"", ""rot"": ""R90""}, {""name"": ""2"", ""x"": ""-5.08"", ""y"": ""-3.81"", ""drill"": ""0.8128"", ""shape"": ""long"", ""rot"": ""R90""}, {""name"": ""7"", ""x"": ""7.62"", ""y"": ""-3.81"", ""drill"": ""0.8128"", ""shape"": ""long"", ""rot"": ""R90""}, {""name"": ""8"", ""x"": ""7.62"", ""y"": ""3.81"", ""drill"": ""0.8128"", ""shape"": ""long"", ""rot"": ""R90""}, {""name"": ""3"", ""x"": ""-2.54"", ""y"": ""-3.81"", ""drill"": ""0.8128"", ""shape"": ""long"", ""rot"": ""R90""}, {""name"": ""4"", ""x"": ""0"", ""y"": ""-3.81"", ""drill"": ""0.8128"", ""shape"": ""long"", ""rot"": ""R90""}, {""name"": ""6"", ""x"": ""5.08"", ""y"": ""-3.81"", ""drill"": ""0.8128"", ""shape"": ""long"", ""rot"": ""R90""}, {""name"": ""5"", ""x"": ""2.54"", ""y"": ""-3.81"", ""drill"": ""0.8128"", ""shape"": ""long"", ""rot"": ""R90""}, {""name"": ""9"", ""x"": ""5.08"", ""y"": ""3.81"", ""drill"": ""0.8128"", ""shape"": ""long"", ""rot"": ""R90""}, {""name"": ""10"", ""x"": ""2.54"", ""y"": ""3.81"", ""drill"": ""0.8128"", ""shape"": ""long"", ""rot"": ""R90""}, {""name"": ""11"", ""x"": ""0"", ""y"": ""3.81"", ""drill"": ""0.8128"", ""shape"": ""long"", ""rot"": ""R90""}, {""name"": ""12"", ""x"": ""-2.54"", ""y"": ""3.81"", ""drill"": ""0.8128"", ""shape"": ""long"", ""rot"": ""R90""}, {""name"": ""13"", ""x"": ""-5.08"", ""y"": ""3.81"", ""drill"": ""0.8128"", ""shape"": ""long"", ""rot"": ""R90""}, {""name"": ""14"", ""x"": ""-7.62"", ""y"": ""3.81"", ""drill"": ""0.8128"", ""shape"": ""long"", ""rot"": ""R90""}]",geometria/pinagem inventariadas; original legado; não liberar fabricação; sem DRC Eagle
C2,1u,rcl,C050-024X044@1,15.875,55.88,R270,"[{""name"": ""1"", ""x"": ""-2.54"", ""y"": ""0"", ""drill"": ""0.8128"", ""shape"": ""octagon""}, {""name"": ""2"", ""x"": ""2.54"", ""y"": ""0"", ""drill"": ""0.8128"", ""shape"": ""octagon""}]",geometria/pinagem inventariadas; original legado; não liberar fabricação; sem DRC Eagle
C3,1u,rcl,C050-024X044@1,15.875,67.945,R270,"[{""name"": ""1"", ""x"": ""-2.54"", ""y"": ""0"", ""drill"": ""0.8128"", ""shape"": ""octagon""}, {""name"": ""2"", ""x"": ""2.54"", ""y"": ""0"", ""drill"": ""0.8128"", ""shape"": ""octagon""}]",geometria/pinagem inventariadas; original legado; não liberar fabricação; sem DRC Eagle
C12,1000u,rcl,EB25D,66.675,74.295,R0,"[{""name"": ""+"", ""x"": ""-5.08"", ""y"": ""0"", ""drill"": ""2.0066"", ""diameter"": ""4.5974""}, {""name"": ""-"", ""x"": ""5.08"", ""y"": ""0"", ""drill"": ""2.0066"", ""diameter"": ""4.5974"", ""shape"": ""octagon""}]",geometria/pinagem inventariadas; original legado; não liberar fabricação; sem DRC Eagle
C11,1000u,rcl,EB25D,92.71,74.295,R0,"[{""name"": ""+"", ""x"": ""-5.08"", ""y"": ""0"", ""drill"": ""2.0066"", ""diameter"": ""4.5974""}, {""name"": ""-"", ""x"": ""5.08"", ""y"": ""0"", ""drill"": ""2.0066"", ""diameter"": ""4.5974"", ""shape"": ""octagon""}]",geometria/pinagem inventariadas; original legado; não liberar fabricação; sem DRC Eagle
IC5,7815L,linear,TO92,39.37,71.755,R90,"[{""name"": ""1"", ""x"": ""-1.27"", ""y"": ""0"", ""drill"": ""0.8128"", ""shape"": ""octagon""}, {""name"": ""2"", ""x"": ""0"", ""y"": ""1.905"", ""drill"": ""0.8128"", ""shape"": ""octagon""}, {""name"": ""3"", ""x"": ""1.27"", ""y"": ""0"", ""drill"": ""0.8128"", ""shape"": ""octagon""}]",geometria/pinagem inventariadas; original legado; não liberar fabricação; sem DRC Eagle
IC6,7805L,linear,TO92,3.81,55.245,R90,"[{""name"": ""1"", ""x"": ""-1.27"", ""y"": ""0"", ""drill"": ""0.8128"", ""shape"": ""octagon""}, {""name"": ""2"", ""x"": ""0"", ""y"": ""1.905"", ""drill"": ""0.8128"", ""shape"": ""octagon""}, {""name"": ""3"", ""x"": ""1.27"", ""y"": ""0"", ""drill"": ""0.8128"", ""shape"": ""octagon""}]",geometria/pinagem inventariadas; original legado; não liberar fabricação; sem DRC Eagle
R2,1k,resistor,0204/7,29.21,44.45,R0,"[{""name"": ""1"", ""x"": ""-3.81"", ""y"": ""0"", ""drill"": ""0.8128"", ""diameter"": ""1.778"", ""shape"": ""octagon""}, {""name"": ""2"", ""x"": ""3.81"", ""y"": ""0"", ""drill"": ""0.8128"", ""diameter"": ""1.778"", ""shape"": ""octagon""}]",geometria/pinagem inventariadas; original legado; não liberar fabricação; sem DRC Eagle
R3,10k,resistor,0204/7,29.21,46.99,R0,"[{""name"": ""1"", ""x"": ""-3.81"", ""y"": ""0"", ""drill"": ""0.8128"", ""diameter"": ""1.778"", ""shape"": ""octagon""}, {""name"": ""2"", ""x"": ""3.81"", ""y"": ""0"", ""drill"": ""0.8128"", ""diameter"": ""1.778"", ""shape"": ""octagon""}]",geometria/pinagem inventariadas; original legado; não liberar fabricação; sem DRC Eagle
CPRI,CDE940,smallcoil,CDE940,68.58,19.685,R0,"[{""name"": ""P$1"", ""x"": ""-29.21"", ""y"": ""0"", ""drill"": ""1.4"", ""shape"": ""long"", ""rot"": ""R90""}, {""name"": ""P$2"", ""x"": ""29.21"", ""y"": ""0"", ""drill"": ""1.4"", ""shape"": ""long"", ""rot"": ""R90""}]",geometria/pinagem inventariadas; original legado; não liberar fabricação; sem DRC Eagle
C1,1u,rcl,C050-024X044@1,6.985,49.53,R0,"[{""name"": ""1"", ""x"": ""-2.54"", ""y"": ""0"", ""drill"": ""0.8128"", ""shape"": ""octagon""}, {""name"": ""2"", ""x"": ""2.54"", ""y"": ""0"", ""drill"": ""0.8128"", ""shape"": ""octagon""}]",geometria/pinagem inventariadas; original legado; não liberar fabricação; sem DRC Eagle
R1,1k,onecoil,0922/22,11.43,19.685,R90,"[{""name"": ""1"", ""x"": ""-11.43"", ""y"": ""0"", ""drill"": ""1.3"", ""shape"": ""square""}, {""name"": ""2"", ""x"": ""11.43"", ""y"": ""0"", ""drill"": ""1.3"", ""shape"": ""square""}]",geometria/pinagem inventariadas; original legado; não liberar fabricação; sem DRC Eagle
P2,12AWG_PAD,onecoil,12AWG_PAD,41.275,14.605,R90,"[{""name"": ""P$1"", ""x"": ""0"", ""y"": ""0"", ""drill"": ""2.2"", ""diameter"": ""5.08"", ""shape"": ""octagon""}]",geometria/pinagem inventariadas; original legado; não liberar fabricação; sem DRC Eagle
P1,12AWG_PAD,onecoil,12AWG_PAD,19.685,14.605,R90,"[{""name"": ""P$1"", ""x"": ""0"", ""y"": ""0"", ""drill"": ""2.2"", ""diameter"": ""5.08"", ""shape"": ""octagon""}]",geometria/pinagem inventariadas; original legado; não liberar fabricação; sem DRC Eagle
R5,100k,resistor,0309/10,79.375,85.725,R0,"[{""name"": ""1"", ""x"": ""-5.08"", ""y"": ""0"", ""drill"": ""0.8128"", ""shape"": ""octagon""}, {""name"": ""2"", ""x"": ""5.08"", ""y"": ""0"", ""drill"": ""0.8128"", ""shape"": ""octagon""}]",geometria/pinagem inventariadas; original legado; não liberar fabricação; sem DRC Eagle
R6,100k,resistor,0309/10,98.425,89.535,R180,"[{""name"": ""1"", ""x"": ""-5.08"", ""y"": ""0"", ""drill"": ""0.8128"", ""shape"": ""octagon""}, {""name"": ""2"", ""x"": ""5.08"", ""y"": ""0"", ""drill"": ""0.8128"", ""shape"": ""octagon""}]",geometria/pinagem inventariadas; original legado; não liberar fabricação; sem DRC Eagle
F1,,special,FUSE1,85.09,102.235,R180,"[{""name"": ""1A"", ""x"": ""-10.16"", ""y"": ""0"", ""drill"": ""1.1938"", ""shape"": ""long"", ""rot"": ""R90""}, {""name"": ""2A"", ""x"": ""10.16"", ""y"": ""0"", ""drill"": ""1.1938"", ""shape"": ""long"", ""rot"": ""R90""}, {""name"": ""1B"", ""x"": ""-5.08"", ""y"": ""0"", ""drill"": ""1.1938"", ""shape"": ""long"", ""rot"": ""R90""}, {""name"": ""2B"", ""x"": ""5.08"", ""y"": ""0"", ""drill"": ""1.1938"", ""shape"": ""long"", ""rot"": ""R90""}]",geometria/pinagem inventariadas; original legado; não liberar fabricação; sem DRC Eagle
U$1,LOGO,onecoil,LOGO,35.56,0,R0,[],geometria/pinagem inventariadas; original legado; não liberar fabricação; sem DRC Eagle
U$3,WARNING,onecoil,WARNING,105.41,26.035,R90,[],geometria/pinagem inventariadas; original legado; não liberar fabricação; sem DRC Eagle
U$2,TRIAD_CT,onecoil,CT2,30.48,14.605,R90,"[{""name"": ""P$1"", ""x"": ""-6.35"", ""y"": ""0"", ""drill"": ""1.27"", ""shape"": ""long"", ""rot"": ""R90""}, {""name"": ""P$2"", ""x"": ""6.35"", ""y"": ""0"", ""drill"": ""1.27"", ""shape"": ""long"", ""rot"": ""R90""}]",geometria/pinagem inventariadas; original legado; não liberar fabricação; sem DRC Eagle
U$7,FGA60N65SMD,ts,TO247H,86.995,54.61,R180,"[{""name"": ""C"", ""x"": ""15.0495"", ""y"": ""0"", ""drill"": ""1.4986"", ""shape"": ""long"", ""rot"": ""R180""}, {""name"": ""E"", ""x"": ""15.0495"", ""y"": ""5.461"", ""drill"": ""1.4986"", ""shape"": ""long"", ""rot"": ""R180""}, {""name"": ""G"", ""x"": ""15.0495"", ""y"": ""-5.461"", ""drill"": ""1.4986"", ""shape"": ""long"", ""rot"": ""R180""}, {""x"": ""-4.180840625"", ""y"": ""0"", ""drill"": ""3.81""}]",geometria/pinagem inventariadas; original legado; não liberar fabricação; sem DRC Eagle
U$8,FGA60N65SMD,ts,TO247H,86.995,36.83,R180,"[{""name"": ""C"", ""x"": ""15.0495"", ""y"": ""0"", ""drill"": ""1.4986"", ""shape"": ""long"", ""rot"": ""R180""}, {""name"": ""E"", ""x"": ""15.0495"", ""y"": ""5.461"", ""drill"": ""1.4986"", ""shape"": ""long"", ""rot"": ""R180""}, {""name"": ""G"", ""x"": ""15.0495"", ""y"": ""-5.461"", ""drill"": ""1.4986"", ""shape"": ""long"", ""rot"": ""R180""}, {""x"": ""-4.180840625"", ""y"": ""0"", ""drill"": ""3.81""}]",geometria/pinagem inventariadas; original legado; não liberar fabricação; sem DRC Eagle
U$9,EI30,utesla,EL30,24.13,91.44,R180,"[{""name"": ""7"", ""x"": ""-5.08"", ""y"": ""10.16"", ""drill"": ""1"", ""shape"": ""square""}, {""name"": ""9"", ""x"": ""5.08"", ""y"": ""10.16"", ""drill"": ""1"", ""shape"": ""square""}, {""name"": ""1"", ""x"": ""10.16"", ""y"": ""-10.16"", ""drill"": ""1"", ""shape"": ""square""}, {""name"": ""5"", ""x"": ""-10.16"", ""y"": ""-10.16"", ""drill"": ""1"", ""shape"": ""square""}]",geometria/pinagem inventariadas; original legado; não liberar fabricação; sem DRC Eagle
D3,,rectifier,B-DIL,6.35,71.12,R0,"[{""name"": ""+"", ""x"": ""-2.54"", ""y"": ""-3.81"", ""drill"": ""0.8128""}, {""name"": ""-"", ""x"": ""2.54"", ""y"": ""-3.81"", ""drill"": ""0.8128"", ""shape"": ""octagon""}, {""name"": ""AC1"", ""x"": ""2.54"", ""y"": ""3.81"", ""drill"": ""0.8128"", ""shape"": ""octagon""}, {""name"": ""AC2"", ""x"": ""-2.54"", ""y"": ""3.81"", ""drill"": ""0.8128"", ""shape"": ""octagon""}]",geometria/pinagem inventariadas; original legado; não liberar fabricação; sem DRC Eagle
U$12,STANDOFF-QTR,utesla,STANDOFF,3.8735,103.6955,R0,"[{""x"": ""0"", ""y"": ""0"", ""drill"": ""4""}]",geometria/pinagem inventariadas; original legado; não liberar fabricação; sem DRC Eagle
U$13,STANDOFF-QTR,utesla,STANDOFF,102.2985,103.2637,R0,"[{""x"": ""0"", ""y"": ""0"", ""drill"": ""4""}]",geometria/pinagem inventariadas; original legado; não liberar fabricação; sem DRC Eagle
U$14,STANDOFF-QTR,utesla,STANDOFF,3.9243,3.8862,R0,"[{""x"": ""0"", ""y"": ""0"", ""drill"": ""4""}]",geometria/pinagem inventariadas; original legado; não liberar fabricação; sem DRC Eagle
U$15,STANDOFF-QTR,utesla,STANDOFF,102.3239,4.3688,R0,"[{""x"": ""0"", ""y"": ""0"", ""drill"": ""4""}]",geometria/pinagem inventariadas; original legado; não liberar fabricação; sem DRC Eagle
C10,680u,rcl,"E3,5-8",6.35,62.23,R0,"[{""name"": ""-"", ""x"": ""1.778"", ""y"": ""0"", ""drill"": ""0.8128"", ""diameter"": ""1.6002"", ""shape"": ""octagon""}, {""name"": ""+"", ""x"": ""-1.778"", ""y"": ""0"", ""drill"": ""0.8128"", ""diameter"": ""1.6002""}]",geometria/pinagem inventariadas; original legado; não liberar fabricação; sem DRC Eagle
U$4,TS-LOGO,ts,TSLOGO,60.96,0.635,R0,[],geometria/pinagem inventariadas; original legado; não liberar fabricação; sem DRC Eagle
T1,P0584,ts,P0584,60.325,47.625,R90,"[{""name"": ""1"", ""x"": ""-9.017"", ""y"": ""4.572"", ""drill"": ""1.016"", ""shape"": ""square""}, {""name"": ""4"", ""x"": ""8.763"", ""y"": ""4.445"", ""drill"": ""1.016"", ""shape"": ""square""}, {""name"": ""10"", ""x"": ""-9.017"", ""y"": ""-4.445"", ""drill"": ""1.016"", ""shape"": ""square""}, {""name"": ""7"", ""x"": ""8.763"", ""y"": ""-4.445"", ""drill"": ""1.016"", ""shape"": ""square""}, {""name"": ""8"", ""x"": ""3.683"", ""y"": ""-4.445"", ""drill"": ""1.016"", ""shape"": ""square""}, {""name"": ""3"", ""x"": ""3.683"", ""y"": ""4.445"", ""drill"": ""1.016"", ""shape"": ""square""}]",geometria/pinagem inventariadas; original legado; não liberar fabricação; sem DRC Eagle
IC3,,ucc37321,DIL08,43.815,56.515,R270,"[{""name"": ""1"", ""x"": ""-3.81"", ""y"": ""-3.81"", ""drill"": ""0.8128"", ""shape"": ""long"", ""rot"": ""R90""}, {""name"": ""2"", ""x"": ""-1.27"", ""y"": ""-3.81"", ""drill"": ""0.8128"", ""shape"": ""long"", ""rot"": ""R90""}, {""name"": ""7"", ""x"": ""-1.27"", ""y"": ""3.81"", ""drill"": ""0.8128"", ""shape"": ""long"", ""rot"": ""R90""}, {""name"": ""8"", ""x"": ""-3.81"", ""y"": ""3.81"", ""drill"": ""0.8128"", ""shape"": ""long"", ""rot"": ""R90""}, {""name"": ""3"", ""x"": ""1.27"", ""y"": ""-3.81"", ""drill"": ""0.8128"", ""shape"": ""long"", ""rot"": ""R90""}, {""name"": ""4"", ""x"": ""3.81"", ""y"": ""-3.81"", ""drill"": ""0.8128"", ""shape"": ""long"", ""rot"": ""R90""}, {""name"": ""6"", ""x"": ""1.27"", ""y"": ""3.81"", ""drill"": ""0.8128"", ""shape"": ""long"", ""rot"": ""R90""}, {""name"": ""5"", ""x"": ""3.81"", ""y"": ""3.81"", ""drill"": ""0.8128"", ""shape"": ""long"", ""rot"": ""R90""}]",geometria/pinagem inventariadas; original legado; não liberar fabricação; sem DRC Eagle
IC4,,ucc37321,DIL08,43.815,36.83,R270,"[{""name"": ""1"", ""x"": ""-3.81"", ""y"": ""-3.81"", ""drill"": ""0.8128"", ""shape"": ""long"", ""rot"": ""R90""}, {""name"": ""2"", ""x"": ""-1.27"", ""y"": ""-3.81"", ""drill"": ""0.8128"", ""shape"": ""long"", ""rot"": ""R90""}, {""name"": ""7"", ""x"": ""-1.27"", ""y"": ""3.81"", ""drill"": ""0.8128"", ""shape"": ""long"", ""rot"": ""R90""}, {""name"": ""8"", ""x"": ""-3.81"", ""y"": ""3.81"", ""drill"": ""0.8128"", ""shape"": ""long"", ""rot"": ""R90""}, {""name"": ""3"", ""x"": ""1.27"", ""y"": ""-3.81"", ""drill"": ""0.8128"", ""shape"": ""long"", ""rot"": ""R90""}, {""name"": ""4"", ""x"": ""3.81"", ""y"": ""-3.81"", ""drill"": ""0.8128"", ""shape"": ""long"", ""rot"": ""R90""}, {""name"": ""6"", ""x"": ""1.27"", ""y"": ""3.81"", ""drill"": ""0.8128"", ""shape"": ""long"", ""rot"": ""R90""}, {""name"": ""5"", ""x"": ""3.81"", ""y"": ""3.81"", ""drill"": ""0.8128"", ""shape"": ""long"", ""rot"": ""R90""}]",geometria/pinagem inventariadas; original legado; não liberar fabricação; sem DRC Eagle
R4,3.3,resistor,0204/7,52.705,48.26,R270,"[{""name"": ""1"", ""x"": ""-3.81"", ""y"": ""0"", ""drill"": ""0.8128"", ""diameter"": ""1.778"", ""shape"": ""octagon""}, {""name"": ""2"", ""x"": ""3.81"", ""y"": ""0"", ""drill"": ""0.8128"", ""diameter"": ""1.778"", ""shape"": ""octagon""}]",geometria/pinagem inventariadas; original legado; não liberar fabricação; sem DRC Eagle
C4,1u,rcl,C050-024X044@1,55.88,34.29,R180,"[{""name"": ""1"", ""x"": ""-2.54"", ""y"": ""0"", ""drill"": ""0.8128"", ""shape"": ""octagon""}, {""name"": ""2"", ""x"": ""2.54"", ""y"": ""0"", ""drill"": ""0.8128"", ""shape"": ""octagon""}]",geometria/pinagem inventariadas; original legado; não liberar fabricação; sem DRC Eagle
C8,100u,rcl,"E2,5-5",43.815,67.945,R0,"[{""name"": ""-"", ""x"": ""1.27"", ""y"": ""0"", ""drill"": ""0.8128"", ""diameter"": ""1.6002"", ""shape"": ""octagon""}, {""name"": ""+"", ""x"": ""-1.27"", ""y"": ""0"", ""drill"": ""0.8128"", ""diameter"": ""1.6002""}]",geometria/pinagem inventariadas; original legado; não liberar fabricação; sem DRC Eagle
C7,100u,rcl,"E2,5-5",43.815,48.26,R0,"[{""name"": ""-"", ""x"": ""1.27"", ""y"": ""0"", ""drill"": ""0.8128"", ""diameter"": ""1.6002"", ""shape"": ""octagon""}, {""name"": ""+"", ""x"": ""-1.27"", ""y"": ""0"", ""drill"": ""0.8128"", ""diameter"": ""1.6002""}]",geometria/pinagem inventariadas; original legado; não liberar fabricação; sem DRC Eagle
C5,1u,rcl,C050-024X044,43.815,63.5,R0,"[{""name"": ""1"", ""x"": ""-2.54"", ""y"": ""0"", ""drill"": ""0.8128"", ""diameter"": ""1.778"", ""shape"": ""octagon""}, {""name"": ""2"", ""x"": ""2.54"", ""y"": ""0"", ""drill"": ""0.8128"", ""diameter"": ""1.778"", ""shape"": ""octagon""}]",geometria/pinagem inventariadas; original legado; não liberar fabricação; sem DRC Eagle
C6,1u,rcl,C050-024X044,43.815,43.815,R0,"[{""name"": ""1"", ""x"": ""-2.54"", ""y"": ""0"", ""drill"": ""0.8128"", ""diameter"": ""1.778"", ""shape"": ""octagon""}, {""name"": ""2"", ""x"": ""2.54"", ""y"": ""0"", ""drill"": ""0.8128"", ""diameter"": ""1.778"", ""shape"": ""octagon""}]",geometria/pinagem inventariadas; original legado; não liberar fabricação; sem DRC Eagle
C9,,rcl,"E2,5-5",8.89,55.245,R180,"[{""name"": ""-"", ""x"": ""1.27"", ""y"": ""0"", ""drill"": ""0.8128"", ""diameter"": ""1.6002"", ""shape"": ""octagon""}, {""name"": ""+"", ""x"": ""-1.27"", ""y"": ""0"", ""drill"": ""0.8128"", ""diameter"": ""1.6002""}]",geometria/pinagem inventariadas; original legado; não liberar fabricação; sem DRC Eagle
B1,,rectifier,GBU4S,80.645,90.17,R180,"[{""name"": ""-"", ""x"": ""-7.62"", ""y"": ""0"", ""drill"": ""1.4986"", ""shape"": ""long"", ""rot"": ""R90""}, {""name"": ""AC2"", ""x"": ""-2.54"", ""y"": ""0"", ""drill"": ""1.4986"", ""shape"": ""long"", ""rot"": ""R90""}, {""name"": ""AC1"", ""x"": ""2.54"", ""y"": ""0"", ""drill"": ""1.4986"", ""shape"": ""long"", ""rot"": ""R90""}, {""name"": ""+"", ""x"": ""7.62"", ""y"": ""0"", ""drill"": ""1.4986"", ""shape"": ""long"", ""rot"": ""R90""}]",geometria/pinagem inventariadas; original legado; não liberar fabricação; sem DRC Eagle
P3,12AWG_PAD,onecoil,12AWG_PAD,67.945,95.25,R0,"[{""name"": ""P$1"", ""x"": ""0"", ""y"": ""0"", ""drill"": ""2.2"", ""diameter"": ""5.08"", ""shape"": ""octagon""}]",geometria/pinagem inventariadas; original legado; não liberar fabricação; sem DRC Eagle
P4,12AWG_PAD,onecoil,12AWG_PAD,78.105,95.25,R0,"[{""name"": ""P$1"", ""x"": ""0"", ""y"": ""0"", ""drill"": ""2.2"", ""diameter"": ""5.08"", ""shape"": ""octagon""}]",geometria/pinagem inventariadas; original legado; não liberar fabricação; sem DRC Eagle
U$5,2STANDOFFS,ts,2STANDOFFS,97.155,8.89,R0,"[{""name"": ""P$1"", ""x"": ""4.445"", ""y"": ""2.54"", ""drill"": ""3.81"", ""diameter"": ""6.4516""}, {""name"": ""P$2"", ""x"": ""-8.255"", ""y"": ""-5.08"", ""drill"": ""3.81"", ""diameter"": ""6.4516""}]",geometria/pinagem inventariadas; original legado; não liberar fabricação; sem DRC Eagle
U$10,IEC320/C6,ts,IEC320/C6,52.705,109.474,R0,"[{""name"": ""G"", ""x"": ""0"", ""y"": ""-14.5"", ""drill"": ""1.5"", ""shape"": ""square""}, {""name"": ""N"", ""x"": ""7"", ""y"": ""-14.5"", ""drill"": ""1.5"", ""shape"": ""square""}, {""name"": ""H"", ""x"": ""-7"", ""y"": ""-14.5"", ""drill"": ""1.5"", ""shape"": ""square""}, {""x"": ""-6.5"", ""y"": ""-9.5"", ""drill"": ""3""}, {""x"": ""6.5"", ""y"": ""-9.5"", ""drill"": ""3""}]",geometria/pinagem inventariadas; original legado; não liberar fabricação; sem DRC Eagle
U$6,IF-D95,onecoil,IFD95,10.16,42.545,R90,"[{""name"": ""OUT"", ""x"": ""0"", ""y"": ""5.08"", ""drill"": ""0.8"", ""shape"": ""square""}, {""name"": ""V+"", ""x"": ""-1.905"", ""y"": ""5.08"", ""drill"": ""0.8"", ""shape"": ""square""}, {""name"": ""GND"", ""x"": ""1.905"", ""y"": ""5.08"", ""drill"": ""0.8"", ""shape"": ""square""}, {""x"": ""-2.54"", ""y"": ""7.62"", ""drill"": ""1.651""}, {""x"": ""2.54"", ""y"": ""7.62"", ""drill"": ""1.651""}, {""x"": ""0"", ""y"": ""0"", ""drill"": ""3.2""}]",geometria/pinagem inventariadas; original legado; não liberar fabricação; sem DRC Eagle
Z1,1.5KE510CA,1.5KE510CA,DO201,78.105,57.15,R270,"[{""name"": ""C"", ""x"": ""-7.366"", ""y"": ""0"", ""drill"": ""1.1"", ""shape"": ""long""}, {""name"": ""A"", ""x"": ""7.366"", ""y"": ""0"", ""drill"": ""1.1"", ""shape"": ""long""}]",geometria/pinagem inventariadas; original legado; não liberar fabricação; sem DRC Eagle
Z2,1.5KE510CA,1.5KE510CA,DO201,78.105,38.735,R270,"[{""name"": ""C"", ""x"": ""-7.366"", ""y"": ""0"", ""drill"": ""1.1"", ""shape"": ""long""}, {""name"": ""A"", ""x"": ""7.366"", ""y"": ""0"", ""drill"": ""1.1"", ""shape"": ""long""}]",geometria/pinagem inventariadas; original legado; não liberar fabricação; sem DRC Eagle
