referencia,valor,footprint,x_mm,y_mm,rot_graus,pads,passos_mm,mapeamento,polaridade,courtyard,serigrafia,geometria_biblioteca,encaixe,status_esquema,notas_esquema,drc,uuid
Z2,1.5KE510CA,oneTesla:D_DO-201AD_P15.24mm_Horizontal,78.105,67.31,-90.0,"[{""num"": ""1"", ""tipo"": ""thru_hole"", ""forma"": ""circle"", ""x"": -7.366, ""y"": 0.0, ""sx"": 3.0, ""sy"": 3.0, ""furo"": ""1.1"", ""rede"": ""/SW_NODE"", ""bx"": 78.105, ""by"": 59.944}, {""num"": ""2"", ""tipo"": ""thru_hole"", ""forma"": ""circle"", ""x"": 7.366, ""y"": 0.0, ""sx"": 3.0, ""sy"": 3.0, ""furo"": ""1.1"", ""rede"": ""/DC_MINUS"", ""bx"": 78.105, ""by"": 74.676}]",1-2:14.7320,redes dos pads presentes conferem com netlist,1.5KE510CA bidirecional; não exigir cátodo elétrico apesar do K desenhado,1 elementos; 3 colisões DRC,0 ocorrências DRC associadas,igual,"DNP no esquema mas não no PCB; F08. Pitch real14.732, nome15.24; TVS não substitui clamp gate-emitter",Pacote padronizado; conferir componente adquirido,"Opcional / DNP, como informado no manual, etapa 6. Nao incluido no kit.",courtyards_overlap; footprint_symbol_field_mismatch; footprint_symbol_mismatch; lib_footprint_mismatch; pth_inside_courtyard,043be2ab-2909-4184-858f-b2e62dd66361
P1,PRIMARIO A,oneTesla:Primary_Terminal_M6_CONFIRMAR,41.275,91.44,90.0,"[{""num"": ""1"", ""tipo"": ""thru_hole"", ""forma"": ""circle"", ""x"": 0.0, ""y"": 0.0, ""sx"": 4.0, ""sy"": 4.0, ""furo"": ""2.2"", ""rede"": ""Net-(CPR1-Pad2)"", ""bx"": 41.275, ""by"": 91.44}]",,redes dos pads presentes conferem com netlist,P1 capacitor primário; P2 DC_MID conforme netlist,1 elementos; 3 colisões DRC,0 ocorrências DRC associadas,igual,"Nome M6 incompatível com furo2.2: geometria para fio, não para parafuso M6; corpo genérico interfere CT; F02","PROVISORIO: terminal M6 e pad de solda no mesmo net; confirmar terminal mecanico, furo e afastamento",,courtyards_overlap; footprint_symbol_field_mismatch; lib_footprint_mismatch; pth_inside_courtyard,088ec556-0787-483d-9168-49628798b9c6
D1,1N4148,oneTesla:D_DO-35_SOD27_P7.62mm_Horizontal,22.86,59.055,180.0,"[{""num"": ""1"", ""tipo"": ""thru_hole"", ""forma"": ""roundrect"", ""x"": 0.0, ""y"": 0.0, ""sx"": 1.6, ""sy"": 1.6, ""furo"": ""0.8"", ""rede"": ""Net-(D1-K)"", ""bx"": 22.86, ""by"": 59.055}, {""num"": ""2"", ""tipo"": ""thru_hole"", ""forma"": ""circle"", ""x"": 7.62, ""y"": 0.0, ""sx"": 1.6, ""sy"": 1.6, ""furo"": ""0.8"", ""rede"": ""GND"", ""bx"": 15.239999999999998, ""by"": 59.055}]",1-2:7.6200,redes dos pads presentes conferem com netlist,"Pad1 K, pad2 A; netlist coerente clamp inferior/superior",1 elementos; 1 colisões DRC,0 ocorrências DRC associadas,igual,DO35 P7.62 genérico; conferir MPN e faixa de cátodo na montagem,1N4148 DO-35 THT: confirmado; passo selecionado 7.62 mm,,courtyards_overlap; footprint_symbol_field_mismatch; lib_footprint_mismatch; pth_inside_courtyard,0bd4e4d6-8bbf-4891-80de-701fc24f664c
C10,680u 35V,oneTesla:CP_Radial_D12.5mm_P5.00mm,6.35,43.815,0,"[{""num"": ""1"", ""tipo"": ""thru_hole"", ""forma"": ""circle"", ""x"": -1.778, ""y"": 0.0, ""sx"": 1.8, ""sy"": 1.8, ""furo"": ""0.8128"", ""rede"": ""+15V"", ""bx"": 4.571999999999999, ""by"": 43.815}, {""num"": ""2"", ""tipo"": ""thru_hole"", ""forma"": ""circle"", ""x"": 1.778, ""y"": 0.0, ""sx"": 1.8, ""sy"": 1.8, ""furo"": ""0.8128"", ""rede"": ""GND"", ""bx"": 8.128, ""by"": 43.815}]",1-2:3.5560,redes dos pads presentes conferem com netlist,"Pad1 positivo +15 V; valor 680u 35V na fonte, fab mantém texto antigo 100u 10V",1 elementos; 4 colisões DRC,0 ocorrências DRC associadas,igual,Pendente MPN: pitch real 3.556 versus nome 5; corpo/silk deslocados 2.5 mm; F02,Pacote padronizado; conferir componente adquirido,,courtyards_overlap; footprint_symbol_field_mismatch,13caed20-fea9-4faf-98c2-d408a82b30fe
C12,1000u 200V,oneTesla:CP_Radial_D30.0mm_P10.00mm_SnapIn,66.675,31.75,0,"[{""num"": ""1"", ""tipo"": ""thru_hole"", ""forma"": ""circle"", ""x"": -5.08, ""y"": 0.0, ""sx"": 4.0, ""sy"": 4.0, ""furo"": ""2"", ""rede"": ""/DC_PLUS"", ""bx"": 61.595, ""by"": 31.75}, {""num"": ""2"", ""tipo"": ""thru_hole"", ""forma"": ""circle"", ""x"": 5.08, ""y"": 0.0, ""sx"": 4.0, ""sy"": 4.0, ""furo"": ""2"", ""rede"": ""/DC_MID"", ""bx"": 71.755, ""by"": 31.75}]",1-2:10.1600,redes dos pads presentes conferem com netlist,Pad1 positivo confere com netlist; serigrafia deslocada 5 mm,1 elementos; 4 colisões DRC,47 ocorrências DRC associadas,igual,"REPROVADO envelope D30: centros distam 26.035 mm, sobreposição 3.965 mm; F03. Pitch 10.16, MPN desconhecido",Selecao D30/P10 snap-in; medir capacitores 1000uF adquiridos antes do PCB,,courtyards_overlap; footprint_symbol_field_mismatch; pth_inside_courtyard; silk_over_copper,14dab930-675f-4d79-9d3d-0748ea40fa16
R2,1k,oneTesla:R_Axial_DIN0207_L6.3mm_D2.5mm_P7.62mm_Horizontal,25.4,61.595,0,"[{""num"": ""1"", ""tipo"": ""thru_hole"", ""forma"": ""circle"", ""x"": 0.0, ""y"": 0.0, ""sx"": 1.6, ""sy"": 1.6, ""furo"": ""0.8"", ""rede"": ""/OPTICAL_OUT"", ""bx"": 25.4, ""by"": 61.595}, {""num"": ""2"", ""tipo"": ""thru_hole"", ""forma"": ""circle"", ""x"": 7.62, ""y"": 0.0, ""sx"": 1.6, ""sy"": 1.6, ""furo"": ""0.8"", ""rede"": ""Net-(IC1-Pad13)"", ""bx"": 33.019999999999996, ""by"": 61.595}]",1-2:7.6200,redes dos pads presentes conferem com netlist,Não polarizado,1 elementos; 1 colisões DRC,0 ocorrências DRC associadas,igual,DIN0207 P7.62 coerente genericamente; conferir potência/tolerância/corpo MPN; R4 amortecimento GDT depende de ensaio,Pacote padronizado; conferir componente adquirido,,courtyards_overlap; footprint_symbol_field_mismatch,1b505ac7-39c6-421c-bfd3-d8c0c9e3d88e
C6,1u,oneTesla:C_Disc_D7.5mm_W2.5mm_P5.00mm,41.315,62.23,0,"[{""num"": ""1"", ""tipo"": ""thru_hole"", ""forma"": ""circle"", ""x"": 0.0, ""y"": 0.0, ""sx"": 2.0, ""sy"": 2.0, ""furo"": ""1"", ""rede"": ""+15V"", ""bx"": 41.315, ""by"": 62.23}, {""num"": ""2"", ""tipo"": ""thru_hole"", ""forma"": ""circle"", ""x"": 5.0, ""y"": 0.0, ""sx"": 2.0, ""sy"": 2.0, ""furo"": ""1"", ""rede"": ""GND"", ""bx"": 46.315, ""by"": 62.23}]",1-2:5.0000,redes dos pads presentes conferem com netlist,Não polarizados no símbolo,1 elementos; 1 colisões DRC,0 ocorrências DRC associadas,igual,"Disco P5, furos/pads inventariados; dielétrico/tensão/ESL/MPN desconhecidos; C4 deve suportar corrente do GDT",Pacote padronizado; conferir componente adquirido,,courtyards_overlap; footprint_symbol_field_mismatch; pth_inside_courtyard,2624217d-13ca-4389-a30e-a437cd1843dc
C9,100u 10V,oneTesla:CP_Radial_D8.0mm_P3.50mm,8.89,50.8,180.0,"[{""num"": ""1"", ""tipo"": ""thru_hole"", ""forma"": ""circle"", ""x"": -1.27, ""y"": 0.0, ""sx"": 1.6, ""sy"": 1.6, ""furo"": ""0.8128"", ""rede"": ""+5V"", ""bx"": 10.16, ""by"": 50.8}, {""num"": ""2"", ""tipo"": ""thru_hole"", ""forma"": ""circle"", ""x"": 1.27, ""y"": 0.0, ""sx"": 1.6, ""sy"": 1.6, ""furo"": ""0.8128"", ""rede"": ""GND"", ""bx"": 7.620000000000001, ""by"": 50.8}]",1-2:2.5400,redes dos pads presentes conferem com netlist,Pad1 positivo confere; corpo/silk deslocados em relação ao par de pads,1 elementos; 5 colisões DRC,0 ocorrências DRC associadas,igual,Pendente MPN: pitch real 2.54 versus nome 3.50; F02. C9 em +5 V; C8/C13 em +15 V,Pacote padronizado; conferir componente adquirido,,courtyards_overlap; footprint_symbol_field_mismatch; lib_footprint_mismatch; pth_inside_courtyard,320f6185-a204-433f-a4a6-9793676a6dde
J110,Jumper 110V,oneTesla:J110_WireLink_P10.16mm,73.025,10.795,180.0,"[{""num"": ""1"", ""tipo"": ""thru_hole"", ""forma"": ""circle"", ""x"": -5.08, ""y"": 0.0, ""sx"": 4.0, ""sy"": 4.0, ""furo"": ""2.2"", ""rede"": ""/AC_N"", ""bx"": 78.105, ""by"": 10.795}, {""num"": ""2"", ""tipo"": ""thru_hole"", ""forma"": ""circle"", ""x"": 5.08, ""y"": 0.0, ""sx"": 4.0, ""sy"": 4.0, ""furo"": ""2.2"", ""rede"": ""/DC_MID"", ""bx"": 67.94500000000001, ""by"": 10.795}]",1-2:10.1600,redes dos pads presentes conferem com netlist,Não polarizado; AC_N para DC_MID apenas modo110,1 elementos; 1 colisões DRC,3 ocorrências DRC associadas,igual,P10.16 furo2.2; jumper deve ter corrente/isolação especificados e intertravamento/rotulagem; nunca selecionar fechado em220,Jumper de fio P10.16 mm estimado do layout; confirmar dimensoes,Liga AC_N ao ponto medio dos capacitores para dobrador em 110V. Manter aberto para 220V.,courtyards_overlap; footprint_symbol_field_mismatch; lib_footprint_mismatch; silk_over_copper,391c27e2-a5cc-4206-b90d-2c4995710cdf
SEM_REF_10,,oneTesla:MountingHole_D4.0,3.9243,102.1588,0,"[{""num"": """", ""tipo"": ""np_thru_hole"", ""forma"": ""circle"", ""x"": 0.0, ""y"": 0.0, ""sx"": 4.0, ""sy"": 4.0, ""furo"": ""4"", ""rede"": """", ""bx"": 3.9243, ""by"": 102.1588}]",,extra PCB; sem símbolo,NPTH não polarizado,0 elementos; 0 colisões DRC,1 ocorrências DRC associadas,biblioteca ausente,Furo mecânico sem referência/lib; conferir arruela/dissipador/standoff e isolamento,,,duplicate_footprints; extra_footprint; lib_footprint_issues; silk_over_copper,3abb677c-3c48-4fdf-8784-ae5b95230035
R3,10k,oneTesla:R_Axial_DIN0207_L6.3mm_D2.5mm_P7.62mm_Horizontal,25.4,59.055,0,"[{""num"": ""1"", ""tipo"": ""thru_hole"", ""forma"": ""circle"", ""x"": 0.0, ""y"": 0.0, ""sx"": 1.6, ""sy"": 1.6, ""furo"": ""0.8"", ""rede"": ""Net-(D1-K)"", ""bx"": 25.4, ""by"": 59.055}, {""num"": ""2"", ""tipo"": ""thru_hole"", ""forma"": ""circle"", ""x"": 7.62, ""y"": 0.0, ""sx"": 1.6, ""sy"": 1.6, ""furo"": ""0.8"", ""rede"": ""Net-(IC1-Pad13)"", ""bx"": 33.019999999999996, ""by"": 59.055}]",1-2:7.6200,redes dos pads presentes conferem com netlist,Não polarizado,1 elementos; 1 colisões DRC,0 ocorrências DRC associadas,igual,DIN0207 P7.62 coerente genericamente; conferir potência/tolerância/corpo MPN; R4 amortecimento GDT depende de ensaio,Pacote padronizado; conferir componente adquirido,,courtyards_overlap; footprint_symbol_field_mismatch,480876c6-2bff-47b9-8d1c-2b394c4e711f
R5,100k 0.5W,oneTesla:R_Axial_DIN0309_L9.0mm_D3.2mm_P12.70mm_Horizontal,79.375,20.32,180.0,"[{""num"": ""1"", ""tipo"": ""thru_hole"", ""forma"": ""circle"", ""x"": -5.08, ""y"": 0.0, ""sx"": 1.6, ""sy"": 1.6, ""furo"": ""0.8128"", ""rede"": ""/DC_PLUS"", ""bx"": 84.455, ""by"": 20.32}, {""num"": ""2"", ""tipo"": ""thru_hole"", ""forma"": ""circle"", ""x"": 5.08, ""y"": 0.0, ""sx"": 1.6, ""sy"": 1.6, ""furo"": ""0.8128"", ""rede"": ""/DC_MID"", ""bx"": 74.295, ""by"": 20.32}]",1-2:10.1600,redes dos pads presentes conferem com netlist,Não polarizado,1 elementos; 2 colisões DRC,42 ocorrências DRC associadas,igual,"Pendente MPN 0.5 W: pitch real 10.16, nome 12.70; fab/silk não recentrados; F02",Pacote padronizado; conferir componente adquirido,,courtyards_overlap; footprint_symbol_field_mismatch; lib_footprint_mismatch; pth_inside_courtyard; silk_over_copper,4dae5a0c-c8f0-4e2d-8b13-793852bedb3b
JPRT1,,oneTesla:Ring_D6_D3.81,101.6,94.615,0,"[{""num"": ""1"", ""tipo"": ""thru_hole"", ""forma"": ""circle"", ""x"": 0.0, ""y"": 0.0, ""sx"": 6.0, ""sy"": 6.0, ""furo"": ""3.81"", ""rede"": ""/DC_MID"", ""bx"": 101.6, ""by"": 94.615}]",,extra PCB; sem símbolo,JPRT1 DC_MID; JPRT2 saída CPR1,0 elementos; 0 colisões DRC,0 ocorrências DRC associadas,biblioteca ausente,Extras PCB sem símbolo nem footprint biblioteca; anel D6 furo3.81; retenção/corrente/uso devem ser documentados,,,extra_footprint; lib_footprint_issues; pth_inside_courtyard,4fafd1a0-5b66-474b-b284-286cf4f79105
IC3,UCC37321P,oneTesla:DIP-8_W7.62mm_Socket_LongPads,40.005,45.72,0,"[{""num"": ""1"", ""tipo"": ""thru_hole"", ""forma"": ""rect"", ""x"": 0.0, ""y"": 0.0, ""sx"": 1.6, ""sy"": 1.6, ""furo"": ""0.8128"", ""rede"": ""+15V"", ""bx"": 40.005, ""by"": 45.72}, {""num"": ""2"", ""tipo"": ""thru_hole"", ""forma"": ""circle"", ""x"": 0.0, ""y"": 2.54, ""sx"": 1.6, ""sy"": 1.6, ""furo"": ""0.8128"", ""rede"": ""Net-(IC3-IN)"", ""bx"": 40.005, ""by"": 48.26}, {""num"": ""3"", ""tipo"": ""thru_hole"", ""forma"": ""circle"", ""x"": 0.0, ""y"": 5.08, ""sx"": 1.6, ""sy"": 1.6, ""furo"": ""0.8128"", ""rede"": ""/DRIVE_ENABLE"", ""bx"": 40.005, ""by"": 50.8}, {""num"": ""4"", ""tipo"": ""thru_hole"", ""forma"": ""circle"", ""x"": 0.0, ""y"": 7.62, ""sx"": 1.6, ""sy"": 1.6, ""furo"": ""0.8128"", ""rede"": ""GND"", ""bx"": 40.005, ""by"": 53.339999999999996}, {""num"": ""5"", ""tipo"": ""thru_hole"", ""forma"": ""circle"", ""x"": 7.62, ""y"": 7.62, ""sx"": 1.6, ""sy"": 1.6, ""furo"": ""0.8128"", ""rede"": ""GND"", ""bx"": 47.625, ""by"": 53.339999999999996}, {""num"": ""6"", ""tipo"": ""thru_hole"", ""forma"": ""circle"", ""x"": 7.62, ""y"": 5.08, ""sx"": 1.6, ""sy"": 1.6, ""furo"": ""0.8128"", ""rede"": ""Net-(IC3-OUT-Pad6)"", ""bx"": 47.625, ""by"": 50.8}, {""num"": ""7"", ""tipo"": ""thru_hole"", ""forma"": ""circle"", ""x"": 7.62, ""y"": 2.54, ""sx"": 1.6, ""sy"": 1.6, ""furo"": ""0.8128"", ""rede"": ""Net-(IC3-OUT-Pad6)"", ""bx"": 47.625, ""by"": 48.26}, {""num"": ""8"", ""tipo"": ""thru_hole"", ""forma"": ""circle"", ""x"": 7.62, ""y"": 0.0, ""sx"": 1.6, ""sy"": 1.6, ""furo"": ""0.8128"", ""rede"": ""+15V"", ""bx"": 47.625, ""by"": 45.72}]",1-2:2.5400; 2-3:2.5400; 3-4:2.5400; 4-5:7.6200; 5-6:2.5400; 6-7:2.5400; 7-8:2.5400,redes dos pads presentes conferem com netlist,"UCC37321: VDD1/8, IN2, EN3, GND4/5, OUT6/7 conferem datasheet e netlist",1 elementos; 2 colisões DRC,0 ocorrências DRC associadas,igual,"PDIP8 P2.54 W7.62 coerente; soquete exato pendente; TI recomenda desacoplamento em ambos pares VDD/GND, não comprovado nesta geometria","DIP-8, passo 2.54 mm, fileiras 7.62 mm: confirmado pelo layout e soquetes do manual",,courtyards_overlap; footprint_symbol_field_mismatch,50b3e22e-5f3f-40e0-918c-eafb32bf85fa
C8,100u 25V,oneTesla:CP_Radial_D8.0mm_P3.50mm,43.815,38.1,0,"[{""num"": ""1"", ""tipo"": ""thru_hole"", ""forma"": ""circle"", ""x"": -1.27, ""y"": 0.0, ""sx"": 1.6, ""sy"": 1.6, ""furo"": ""0.8128"", ""rede"": ""+15V"", ""bx"": 42.544999999999995, ""by"": 38.1}, {""num"": ""2"", ""tipo"": ""thru_hole"", ""forma"": ""circle"", ""x"": 1.27, ""y"": 0.0, ""sx"": 1.6, ""sy"": 1.6, ""furo"": ""0.8128"", ""rede"": ""GND"", ""bx"": 45.085, ""by"": 38.1}]",1-2:2.5400,redes dos pads presentes conferem com netlist,Pad1 positivo confere; corpo/silk deslocados em relação ao par de pads,1 elementos; 1 colisões DRC,0 ocorrências DRC associadas,igual,Pendente MPN: pitch real 2.54 versus nome 3.50; F02. C9 em +5 V; C8/C13 em +15 V,Pacote padronizado; conferir componente adquirido,,courtyards_overlap; footprint_symbol_field_mismatch; pth_inside_courtyard,5d8b6c4d-ef0a-4df6-ad72-8b44f069fe83
C4,1u,oneTesla:C_Disc_D7.5mm_W2.5mm_P5.00mm,53.38,71.755,0,"[{""num"": ""1"", ""tipo"": ""thru_hole"", ""forma"": ""circle"", ""x"": 0.0, ""y"": 0.0, ""sx"": 2.0, ""sy"": 2.0, ""furo"": ""1"", ""rede"": ""Net-(C4-Pad1)"", ""bx"": 53.38, ""by"": 71.755}, {""num"": ""2"", ""tipo"": ""thru_hole"", ""forma"": ""circle"", ""x"": 5.0, ""y"": 0.0, ""sx"": 2.0, ""sy"": 2.0, ""furo"": ""1"", ""rede"": ""Net-(T1-AB)"", ""bx"": 58.38, ""by"": 71.755}]",1-2:5.0000,redes dos pads presentes conferem com netlist,Não polarizados no símbolo,1 elementos; 0 colisões DRC,0 ocorrências DRC associadas,igual,"Disco P5, furos/pads inventariados; dielétrico/tensão/ESL/MPN desconhecidos; C4 deve suportar corrente do GDT",Pacote padronizado; conferir componente adquirido,,footprint_symbol_field_mismatch,5e505915-79b6-4a08-a21b-4211996d32e8
D4,KBU6G,oneTesla:Diode_Bridge_Vishay_KBU,73.025,15.875,0,"[{""num"": ""1"", ""tipo"": ""thru_hole"", ""forma"": ""rect"", ""x"": 0.0, ""y"": 0.0, ""sx"": 2.8, ""sy"": 2.8, ""furo"": ""1.4986"", ""rede"": ""/DC_PLUS"", ""bx"": 73.025, ""by"": 15.875}, {""num"": ""2"", ""tipo"": ""thru_hole"", ""forma"": ""circle"", ""x"": 10.16, ""y"": 0.0, ""sx"": 2.8, ""sy"": 2.8, ""furo"": ""1.4986"", ""rede"": ""/AC_L_FUSED"", ""bx"": 83.185, ""by"": 15.875}, {""num"": ""3"", ""tipo"": ""thru_hole"", ""forma"": ""circle"", ""x"": 5.08, ""y"": 0.0, ""sx"": 2.8, ""sy"": 2.8, ""furo"": ""1.4986"", ""rede"": ""/AC_N"", ""bx"": 78.105, ""by"": 15.875}, {""num"": ""4"", ""tipo"": ""thru_hole"", ""forma"": ""circle"", ""x"": 15.24, ""y"": 0.0, ""sx"": 2.8, ""sy"": 2.8, ""furo"": ""1.4986"", ""rede"": ""/DC_MINUS"", ""bx"": 88.265, ""by"": 15.875}]",1-2:10.1600; 2-3:5.0800; 3-4:10.1600,redes dos pads presentes conferem com netlist,"+1, AC2/3, -4; troca entre AC não altera ponte",4 elementos; 4 colisões DRC,64 ocorrências DRC associadas,igual,"KBU6G fabricante indefinido; pads seguem GBU4S original P5.08, não confirma KBU escolhido; desenho Vishay não recuperado; F02","KBU6G proposto: +1 AC2 AC3 -4, passo 5.08 mm; confirmar codigo real da ponte 6A",Familia KBU selecionada pela ponte linear do layout; confirmar codigo da peca.,courtyards_overlap; footprint_symbol_field_mismatch; pth_inside_courtyard; silk_over_copper,6432ffb1-1e02-4073-98f0-793960e7a768
JPRT2,,oneTesla:Ring_D6_D3.81,88.9,102.235,0,"[{""num"": ""1"", ""tipo"": ""thru_hole"", ""forma"": ""circle"", ""x"": 0.0, ""y"": 0.0, ""sx"": 6.0, ""sy"": 6.0, ""furo"": ""3.81"", ""rede"": ""Net-(CPR1-Pad2)"", ""bx"": 88.9, ""by"": 102.235}]",,extra PCB; sem símbolo,JPRT1 DC_MID; JPRT2 saída CPR1,0 elementos; 0 colisões DRC,0 ocorrências DRC associadas,biblioteca ausente,Extras PCB sem símbolo nem footprint biblioteca; anel D6 furo3.81; retenção/corrente/uso devem ser documentados,,,extra_footprint; lib_footprint_issues,6892e981-bd57-4f2f-9ff6-2c0d3f36bb41
C1,1u,oneTesla:C_Disc_D7.5mm_W2.5mm_P5.00mm,9.485,56.515,180.0,"[{""num"": ""1"", ""tipo"": ""thru_hole"", ""forma"": ""circle"", ""x"": 0.0, ""y"": 0.0, ""sx"": 2.0, ""sy"": 2.0, ""furo"": ""1"", ""rede"": ""+5V"", ""bx"": 9.485, ""by"": 56.515}, {""num"": ""2"", ""tipo"": ""thru_hole"", ""forma"": ""circle"", ""x"": 5.0, ""y"": 0.0, ""sx"": 2.0, ""sy"": 2.0, ""furo"": ""1"", ""rede"": ""GND"", ""bx"": 4.484999999999999, ""by"": 56.515}]",1-2:5.0000,redes dos pads presentes conferem com netlist,Não polarizados no símbolo,1 elementos; 3 colisões DRC,0 ocorrências DRC associadas,igual,"Disco P5, furos/pads inventariados; dielétrico/tensão/ESL/MPN desconhecidos; C4 deve suportar corrente do GDT",Pacote padronizado; conferir componente adquirido,,courtyards_overlap; footprint_symbol_field_mismatch; lib_footprint_mismatch; pth_inside_courtyard,6967a1b9-0d17-42e9-83f4-c29881745bf5
SEM_REF_20,,oneTesla:MountingHole_D5.5,91.186,69.215,0,"[{""num"": """", ""tipo"": ""np_thru_hole"", ""forma"": ""circle"", ""x"": 0.0, ""y"": 0.0, ""sx"": 5.5, ""sy"": 5.5, ""furo"": ""5.5"", ""rede"": """", ""bx"": 91.186, ""by"": 69.215}]",,extra PCB; sem símbolo,NPTH não polarizado,0 elementos; 0 colisões DRC,0 ocorrências DRC associadas,biblioteca ausente,Furo mecânico sem referência/lib; conferir arruela/dissipador/standoff e isolamento,,,duplicate_footprints; extra_footprint; lib_footprint_issues; npth_inside_courtyard,6acfa2f4-c1d8-4113-9692-d498ca6c752b
IC6,78L05,oneTesla:TO-92_Inline,3.81,50.8,90.0,"[{""num"": ""1"", ""tipo"": ""thru_hole"", ""forma"": ""rect"", ""x"": -1.27, ""y"": 0.0, ""sx"": 1.6, ""sy"": 1.6, ""furo"": ""0.8128"", ""rede"": ""+5V"", ""bx"": 3.81, ""by"": 52.07}, {""num"": ""2"", ""tipo"": ""thru_hole"", ""forma"": ""circle"", ""x"": 0.0, ""y"": -1.905, ""sx"": 1.6, ""sy"": 1.6, ""furo"": ""0.8128"", ""rede"": ""GND"", ""bx"": 1.905, ""by"": 50.8}, {""num"": ""3"", ""tipo"": ""thru_hole"", ""forma"": ""circle"", ""x"": 1.27, ""y"": 0.0, ""sx"": 1.6, ""sy"": 1.6, ""furo"": ""0.8128"", ""rede"": ""+15V"", ""bx"": 3.81, ""by"": 49.529999999999994}]",1-2:2.2895; 2-3:2.2895,redes dos pads presentes conferem com netlist,"OUT1/GND2/IN3 conforme símbolo, fabricante não definido",4 elementos; 2 colisões DRC,0 ocorrências DRC associadas,igual,REVISAR: footprint chamado Inline tem pads triangulares; fabricante/sufixo 78L05 e conformação das pernas obrigatórios,78L05/78L15 TO-92: OUT1 GND2 IN3; conferir fabricante e sufixo adquirido,,courtyards_overlap; footprint_symbol_field_mismatch; lib_footprint_mismatch; pth_inside_courtyard,6b102e01-8bfa-49ff-a947-391a974b2601
PS1,HLK-15M15BL,oneTesla:HLK-15M15BL,44.25,22.0,180.0,"[{""num"": ""1"", ""tipo"": ""thru_hole"", ""forma"": ""rect"", ""x"": 0.0, ""y"": 0.0, ""sx"": 2.5, ""sy"": 2.5, ""furo"": ""1.1"", ""rede"": ""/AC_L_FUSED"", ""bx"": 44.25, ""by"": 22.0}, {""num"": ""2"", ""tipo"": ""thru_hole"", ""forma"": ""circle"", ""x"": 0.0, ""y"": 7.8, ""sx"": 2.5, ""sy"": 2.5, ""furo"": ""1.1"", ""rede"": ""/AC_N"", ""bx"": 44.25, ""by"": 14.2}, {""num"": ""3"", ""tipo"": ""thru_hole"", ""forma"": ""circle"", ""x"": 42.5, ""y"": -7.4, ""sx"": 2.5, ""sy"": 2.5, ""furo"": ""1.1"", ""rede"": ""GND"", ""bx"": 1.7499999999999991, ""by"": 29.4}, {""num"": ""4"", ""tipo"": ""thru_hole"", ""forma"": ""circle"", ""x"": 42.5, ""y"": 15.2, ""sx"": 2.5, ""sy"": 2.5, ""furo"": ""1.1"", ""rede"": ""+15V"", ""bx"": 1.7500000000000018, ""by"": 6.799999999999997}]",1-2:7.8000; 2-3:45.1363; 3-4:22.6000,redes dos pads presentes conferem com netlist,"AC1/2, -Vo3, +Vo4 conferem vista superior Hi-Link p11",1 elementos; 1 colisões DRC,0 ocorrências DRC associadas,igual,Pitch42.5/7.8/22.6 confere desenho de referência; furo1.1 versus terminal0.8±0.2 e pitch±1 exigem peça real; colisão IEC/fixação F07,"Datasheet 15W-BL V1.0 p11; 47.5x28.5mm enclosure reference, pin pitch tolerance +/-1mm: verify actual module","1/2 AC; 3 -Vo; 4 +Vo. PCB footprint uses top view. Hole 1.1mm, pin 0.8mm +/-0.2mm.",courtyards_overlap; footprint_symbol_field_mismatch; lib_footprint_mismatch; npth_inside_courtyard; pth_inside_courtyard,70cde1ed-72eb-4f96-a84d-a008b95741df
Q1,FGA60N65SMD,oneTesla:TO-3P-3_Horizontal_TabDown,71.9455,45.985,-90.0,"[{""num"": ""1"", ""tipo"": ""thru_hole"", ""forma"": ""rect"", ""x"": 0.0, ""y"": 0.0, ""sx"": 2.5, ""sy"": 4.5, ""furo"": ""1.4986"", ""rede"": ""/GATE_H"", ""bx"": 71.9455, ""by"": 45.985}, {""num"": ""2"", ""tipo"": ""thru_hole"", ""forma"": ""circle"", ""x"": 5.45, ""y"": 0.0, ""sx"": 2.5, ""sy"": 4.5, ""furo"": ""1.4986"", ""rede"": ""/DC_PLUS"", ""bx"": 71.9455, ""by"": 51.435}, {""num"": ""3"", ""tipo"": ""thru_hole"", ""forma"": ""circle"", ""x"": 10.9, ""y"": 0.0, ""sx"": 2.5, ""sy"": 4.5, ""furo"": ""1.4986"", ""rede"": ""/SW_NODE"", ""bx"": 71.9455, ""by"": 56.885}]",1-2:5.4500; 2-3:5.4500,redes dos pads presentes conferem com netlist,FGA60N65SMD G1/C2/E3 confere,30 elementos; 4 colisões DRC,33 ocorrências DRC associadas,igual,Pitch5.45 confere onsemi; furo1.4986 perto do envelope diagonal máx ~1.415 do terminal; dobra/dissipador/furo5.5 no PCB separados e pendentes; corpo fab15.5 não cobre máx16.2,"FGA60N65SMD TO-3P-3: G1 C2 E3, passo 5.45 mm; conferir altura das pernas dobradas para dissipador",,courtyards_overlap; footprint_symbol_field_mismatch; lib_footprint_mismatch; npth_inside_courtyard; pth_inside_courtyard; silk_over_copper,732d8c26-f467-439a-8fa4-e4be84794145
CPR1,68n 3kV,oneTesla:CDE_940C30S68K_F_CONFIRMAR,68.58,86.36,0,"[{""num"": ""1"", ""tipo"": ""thru_hole"", ""forma"": ""circle"", ""x"": -29.21, ""y"": 0.0, ""sx"": 4.0, ""sy"": 4.0, ""furo"": ""1.4"", ""rede"": ""/SW_NODE"", ""bx"": 39.37, ""by"": 86.36}, {""num"": ""2"", ""tipo"": ""thru_hole"", ""forma"": ""circle"", ""x"": 29.21, ""y"": 0.0, ""sx"": 4.0, ""sy"": 4.0, ""furo"": ""1.4"", ""rede"": ""Net-(CPR1-Pad2)"", ""bx"": 97.78999999999999, ""by"": 86.36}]",1-2:58.4200,redes dos pads presentes conferem com netlist,Não polarizado,1 elementos; 3 colisões DRC,1 ocorrências DRC associadas,igual,"CDE 940C30S68K-F: corpo 46x19 e fio 1 mm conferem catálogo; P58.42 é dobra escolhida, não pitch de fábrica; furo1.4; ensaio RMS/dVdt obrigatório","PROVISORIO: CDE 940C30S68K-F 68nF/3000V, P57.5 selecionado pela familia/layout; confirmar desenho mecanico da peca","CDE 940C30S68K-F, 0.068uF/3000V, conforme layout. Confirmar mecanica.",courtyards_overlap; footprint_symbol_field_mismatch; pth_inside_courtyard; silk_over_copper,74d67175-ebb6-4a21-bfc7-1e11c2960983
SEM_REF_25,,oneTesla:MountingHole_D4.0,3.8735,2.3495,0,"[{""num"": """", ""tipo"": ""np_thru_hole"", ""forma"": ""circle"", ""x"": 0.0, ""y"": 0.0, ""sx"": 4.0, ""sy"": 4.0, ""furo"": ""4"", ""rede"": """", ""bx"": 3.8735, ""by"": 2.3495}]",,extra PCB; sem símbolo,NPTH não polarizado,0 elementos; 0 colisões DRC,0 ocorrências DRC associadas,biblioteca ausente,Furo mecânico sem referência/lib; conferir arruela/dissipador/standoff e isolamento,,,duplicate_footprints; extra_footprint; lib_footprint_issues; npth_inside_courtyard,77ec0857-d169-4408-a4bf-4dac85be4d5d
T3,1:300,oneTesla:CT_1_300_P12.70mm_CONFIRMAR,30.48,91.44,180.0,"[{""num"": ""1"", ""tipo"": ""thru_hole"", ""forma"": ""circle"", ""x"": 0.0, ""y"": -6.35, ""sx"": 2.5, ""sy"": 2.5, ""furo"": ""1.27"", ""rede"": ""Net-(T3-S1)"", ""bx"": 30.48, ""by"": 97.78999999999999}, {""num"": ""2"", ""tipo"": ""thru_hole"", ""forma"": ""circle"", ""x"": 0.0, ""y"": 6.35, ""sx"": 2.5, ""sy"": 2.5, ""furo"": ""1.27"", ""rede"": ""GND"", ""bx"": 30.48, ""by"": 85.09}]",1-2:12.7000,redes dos pads presentes conferem com netlist,Secundário CT1/2; primário externo sem pad,1 elementos; 2 colisões DRC,4 ocorrências DRC associadas,igual,P12.7 furo1.27; dimensões/core/relação real/fase/burden/isolação desconhecidos; corpo genérico conflita P1/P2,"PROVISORIO: CT 1:300 com 2 pinos do secundario, P12.70 estimado do layout; primario passa pelo nucleo fora dos pads; confirmar polaridade",Primario: fio do circuito ressonante atravessa o nucleo. Verificar sentido para realimentacao positiva.,courtyards_overlap; footprint_symbol_field_mismatch; lib_footprint_mismatch; pth_inside_courtyard; silk_over_copper,7881a436-aec0-4c8a-ba7e-8c210efbcf84
C3,1u,oneTesla:C_Disc_D7.5mm_W2.5mm_P5.00mm,15.875,35.6,-90.0,"[{""num"": ""1"", ""tipo"": ""thru_hole"", ""forma"": ""circle"", ""x"": 0.0, ""y"": 0.0, ""sx"": 2.0, ""sy"": 2.0, ""furo"": ""1"", ""rede"": ""+5V"", ""bx"": 15.875, ""by"": 35.6}, {""num"": ""2"", ""tipo"": ""thru_hole"", ""forma"": ""circle"", ""x"": 5.0, ""y"": 0.0, ""sx"": 2.0, ""sy"": 2.0, ""furo"": ""1"", ""rede"": ""GND"", ""bx"": 15.875, ""by"": 40.6}]",1-2:5.0000,redes dos pads presentes conferem com netlist,Não polarizados no símbolo,1 elementos; 1 colisões DRC,0 ocorrências DRC associadas,igual,"Disco P5, furos/pads inventariados; dielétrico/tensão/ESL/MPN desconhecidos; C4 deve suportar corrente do GDT",Pacote padronizado; conferir componente adquirido,,courtyards_overlap; footprint_symbol_field_mismatch; lib_footprint_mismatch,7c69af3d-e32c-456b-9d59-fed3aa6c0f0a
T1,1:1:1,oneTesla:GDT_6Pin_CONFIRMAR,60.325,58.42,90.0,"[{""num"": ""1"", ""tipo"": ""thru_hole"", ""forma"": ""rect"", ""x"": -9.017, ""y"": -4.572, ""sx"": 2.2, ""sy"": 2.2, ""furo"": ""1.016"", ""rede"": ""Net-(T1-AA)"", ""bx"": 55.753, ""by"": 67.437}, {""num"": ""2"", ""tipo"": ""thru_hole"", ""forma"": ""circle"", ""x"": -9.017, ""y"": 4.445, ""sx"": 2.2, ""sy"": 2.2, ""furo"": ""1.016"", ""rede"": ""Net-(T1-AB)"", ""bx"": 64.77000000000001, ""by"": 67.437}, {""num"": ""3"", ""tipo"": ""thru_hole"", ""forma"": ""circle"", ""x"": 3.683, ""y"": -4.445, ""sx"": 2.2, ""sy"": 2.2, ""furo"": ""1.016"", ""rede"": ""/GATE_H"", ""bx"": 55.88, ""by"": 54.737}, {""num"": ""4"", ""tipo"": ""thru_hole"", ""forma"": ""circle"", ""x"": 8.763, ""y"": -4.445, ""sx"": 2.2, ""sy"": 2.2, ""furo"": ""1.016"", ""rede"": ""/SW_NODE"", ""bx"": 55.88, ""by"": 49.657000000000004}, {""num"": ""5"", ""tipo"": ""thru_hole"", ""forma"": ""circle"", ""x"": 8.763, ""y"": 4.445, ""sx"": 2.2, ""sy"": 2.2, ""furo"": ""1.016"", ""rede"": ""/GATE_L"", ""bx"": 64.77000000000001, ""by"": 49.657000000000004}, {""num"": ""6"", ""tipo"": ""thru_hole"", ""forma"": ""circle"", ""x"": 3.683, ""y"": 4.445, ""sx"": 2.2, ""sy"": 2.2, ""furo"": ""1.016"", ""rede"": ""/DC_MINUS"", ""bx"": 64.77000000000001, ""by"": 54.737}]",1-2:9.0170; 2-3:15.5023; 3-4:5.0800; 4-5:8.8900; 5-6:5.0800,redes dos pads presentes conferem com netlist,Pares1-2/3-4/5-6 conforme netlist; fase não validada,1 elementos; 6 colisões DRC,0 ocorrências DRC associadas,igual,P0584 original renumerado; pads fora de courtyard genérico; bobinagem/fase/isolações/core/volt-segundo desconhecidos,"PROVISORIO: bobina GDT 6 pinos, grade 8.89 mm estimada do layout; confirmar medidas, pares e fase com a peca","Pontos em 1/3/6 indicam a fase eletrica exigida (gates opostos); validar bobinas, numeros fisicos e fase da peca.",courtyards_overlap; footprint_symbol_field_mismatch; lib_footprint_mismatch; pth_inside_courtyard,81406b84-f587-4328-8377-b597fae42b21
P2,PRIMARIO B,oneTesla:Primary_Terminal_M6_CONFIRMAR,19.685,91.44,90.0,"[{""num"": ""1"", ""tipo"": ""thru_hole"", ""forma"": ""circle"", ""x"": 0.0, ""y"": 0.0, ""sx"": 4.0, ""sy"": 4.0, ""furo"": ""2.2"", ""rede"": ""/DC_MID"", ""bx"": 19.685, ""by"": 91.44}]",,redes dos pads presentes conferem com netlist,P1 capacitor primário; P2 DC_MID conforme netlist,1 elementos; 3 colisões DRC,0 ocorrências DRC associadas,igual,"Nome M6 incompatível com furo2.2: geometria para fio, não para parafuso M6; corpo genérico interfere CT; F02","PROVISORIO: terminal M6 e pad de solda no mesmo net; confirmar terminal mecanico, furo e afastamento",,courtyards_overlap; footprint_symbol_field_mismatch; lib_footprint_mismatch; pth_inside_courtyard,87a76f20-6542-4130-90df-4685584d6a87
R4,3R3,oneTesla:R_Axial_DIN0207_L6.3mm_D2.5mm_P7.62mm_Horizontal,52.705,53.975,-90.0,"[{""num"": ""1"", ""tipo"": ""thru_hole"", ""forma"": ""circle"", ""x"": 0.0, ""y"": 0.0, ""sx"": 1.6, ""sy"": 1.6, ""furo"": ""0.8"", ""rede"": ""Net-(IC3-OUT-Pad6)"", ""bx"": 52.705, ""by"": 53.975}, {""num"": ""2"", ""tipo"": ""thru_hole"", ""forma"": ""circle"", ""x"": 7.62, ""y"": 0.0, ""sx"": 1.6, ""sy"": 1.6, ""furo"": ""0.8"", ""rede"": ""Net-(T1-AA)"", ""bx"": 52.705, ""by"": 61.595}]",1-2:7.6200,redes dos pads presentes conferem com netlist,Não polarizado,1 elementos; 1 colisões DRC,0 ocorrências DRC associadas,igual,DIN0207 P7.62 coerente genericamente; conferir potência/tolerância/corpo MPN; R4 amortecimento GDT depende de ensaio,Pacote padronizado; conferir componente adquirido,,courtyards_overlap; footprint_symbol_field_mismatch; lib_footprint_mismatch; pth_inside_courtyard,8a4b53cb-a92a-4e07-a9cd-5611e8dba268
F1,4A/250VAC,oneTesla:Fuseholder_Clip-5x20mm_Littelfuse_111_Inline_P20.00x5.00mm_D1.05mm_Horizontal,85.09,3.81,180.0,"[{""num"": ""1"", ""tipo"": ""thru_hole"", ""forma"": ""circle"", ""x"": 5.08, ""y"": 0.0, ""sx"": 2.5, ""sy"": 2.5, ""furo"": ""1.1938"", ""rede"": ""/AC_L"", ""bx"": 80.01, ""by"": 3.8099999999999996}, {""num"": ""1"", ""tipo"": ""thru_hole"", ""forma"": ""rect"", ""x"": 10.16, ""y"": 0.0, ""sx"": 2.5, ""sy"": 2.5, ""furo"": ""1.1938"", ""rede"": ""/AC_L"", ""bx"": 74.93, ""by"": 3.8099999999999987}, {""num"": ""2"", ""tipo"": ""thru_hole"", ""forma"": ""circle"", ""x"": -10.16, ""y"": 0.0, ""sx"": 2.5, ""sy"": 2.5, ""furo"": ""1.1938"", ""rede"": ""/AC_L_FUSED"", ""bx"": 95.25, ""by"": 3.8100000000000014}, {""num"": ""2"", ""tipo"": ""thru_hole"", ""forma"": ""circle"", ""x"": -5.08, ""y"": 0.0, ""sx"": 2.5, ""sy"": 2.5, ""furo"": ""1.1938"", ""rede"": ""/AC_L_FUSED"", ""bx"": 90.17, ""by"": 3.8100000000000005}]",1-1:5.0800; 1-2:20.3200; 2-2:5.0800,redes dos pads presentes conferem com netlist,Não polarizado; duas ilhas por terminal compartilhadas corretamente,4 elementos; 1 colisões DRC,0 ocorrências DRC associadas,igual,"Pads ±5.08/±10.16, furos1.1938; fab herdado deslocado; clipe Littelfuse exato não comprovado; tipo/I²t/capacidade interrupção pendentes",Clipes para fusivel 5x20 mm propostos; confirmar modelo real e passo,Lista do kit: 4A. Serigrafia antiga menciona 10A; nao assumir 10A como valor do kit.,courtyards_overlap; footprint_symbol_field_mismatch; lib_footprint_mismatch,8e5309a4-330d-4eca-841c-ff8e10370ccf
IC2,74HCT74,oneTesla:DIP-14_W7.62mm_Socket_LongPads,19.05,42.545,90.0,"[{""num"": ""1"", ""tipo"": ""thru_hole"", ""forma"": ""rect"", ""x"": 0.0, ""y"": 0.0, ""sx"": 1.6, ""sy"": 1.6, ""furo"": ""0.8128"", ""rede"": ""Net-(IC2A-~{R})"", ""bx"": 19.05, ""by"": 42.545}, {""num"": ""2"", ""tipo"": ""thru_hole"", ""forma"": ""circle"", ""x"": 0.0, ""y"": 2.54, ""sx"": 1.6, ""sy"": 1.6, ""furo"": ""0.8128"", ""rede"": ""+5V"", ""bx"": 21.59, ""by"": 42.545}, {""num"": ""3"", ""tipo"": ""thru_hole"", ""forma"": ""circle"", ""x"": 0.0, ""y"": 5.08, ""sx"": 1.6, ""sy"": 1.6, ""furo"": ""0.8128"", ""rede"": ""Net-(IC2A-C)"", ""bx"": 24.130000000000003, ""by"": 42.545}, {""num"": ""4"", ""tipo"": ""thru_hole"", ""forma"": ""circle"", ""x"": 0.0, ""y"": 7.62, ""sx"": 1.6, ""sy"": 1.6, ""furo"": ""0.8128"", ""rede"": ""+5V"", ""bx"": 26.67, ""by"": 42.545}, {""num"": ""5"", ""tipo"": ""thru_hole"", ""forma"": ""circle"", ""x"": 0.0, ""y"": 10.16, ""sx"": 1.6, ""sy"": 1.6, ""furo"": ""0.8128"", ""rede"": ""unconnected-(IC2A-Q-Pad5)"", ""bx"": 29.21, ""by"": 42.545}, {""num"": ""6"", ""tipo"": ""thru_hole"", ""forma"": ""circle"", ""x"": 0.0, ""y"": 12.7, ""sx"": 1.6, ""sy"": 1.6, ""furo"": ""0.8128"", ""rede"": ""/DRIVE_ENABLE"", ""bx"": 31.75, ""by"": 42.545}, {""num"": ""7"", ""tipo"": ""thru_hole"", ""forma"": ""circle"", ""x"": 0.0, ""y"": 15.24, ""sx"": 1.6, ""sy"": 1.6, ""furo"": ""0.8128"", ""rede"": ""GND"", ""bx"": 34.29, ""by"": 42.545}, {""num"": ""8"", ""tipo"": ""thru_hole"", ""forma"": ""circle"", ""x"": 7.62, ""y"": 15.24, ""sx"": 1.6, ""sy"": 1.6, ""furo"": ""0.8128"", ""rede"": ""unconnected-(IC2B-~{Q}-Pad8)"", ""bx"": 34.29, ""by"": 34.925000000000004}, {""num"": ""9"", ""tipo"": ""thru_hole"", ""forma"": ""circle"", ""x"": 7.62, ""y"": 12.7, ""sx"": 1.6, ""sy"": 1.6, ""furo"": ""0.8128"", ""rede"": ""unconnected-(IC2B-Q-Pad9)"", ""bx"": 31.75, ""by"": 34.925000000000004}, {""num"": ""10"", ""tipo"": ""thru_hole"", ""forma"": ""circle"", ""x"": 7.62, ""y"": 10.16, ""sx"": 1.6, ""sy"": 1.6, ""furo"": ""0.8128"", ""rede"": ""+5V"", ""bx"": 29.21, ""by"": 34.925000000000004}, {""num"": ""11"", ""tipo"": ""thru_hole"", ""forma"": ""circle"", ""x"": 7.62, ""y"": 7.62, ""sx"": 1.6, ""sy"": 1.6, ""furo"": ""0.8128"", ""rede"": ""GND"", ""bx"": 26.67, ""by"": 34.925000000000004}, {""num"": ""12"", ""tipo"": ""thru_hole"", ""forma"": ""circle"", ""x"": 7.62, ""y"": 5.08, ""sx"": 1.6, ""sy"": 1.6, ""furo"": ""0.8128"", ""rede"": ""GND"", ""bx"": 24.130000000000003, ""by"": 34.925000000000004}, {""num"": ""13"", ""tipo"": ""thru_hole"", ""forma"": ""circle"", ""x"": 7.62, ""y"": 2.54, ""sx"": 1.6, ""sy"": 1.6, ""furo"": ""0.8128"", ""rede"": ""+5V"", ""bx"": 21.59, ""by"": 34.925000000000004}, {""num"": ""14"", ""tipo"": ""thru_hole"", ""forma"": ""circle"", ""x"": 7.62, ""y"": 0.0, ""sx"": 1.6, ""sy"": 1.6, ""furo"": ""0.8128"", ""rede"": ""+5V"", ""bx"": 19.05, ""by"": 34.925000000000004}]",1-2:2.5400; 2-3:2.5400; 3-4:2.5400; 4-5:2.5400; 5-6:2.5400; 6-7:2.5400; 7-8:7.6200; 8-9:2.5400; 9-10:2.5400; 10-11:2.5400; 11-12:2.5400; 12-13:2.5400; 13-14:2.5400,redes dos pads presentes conferem com netlist,DIP pad1 retangular e numeração padrão; alimentação/netlist conferem,1 elementos; 0 colisões DRC,0 ocorrências DRC associadas,igual,DIP14 P2.54 W7.62; furo0.8128 pad1.6; MPN/sufixo e soquete exatos desconhecidos; LongPads no nome não corresponde ao pad real,"DIP-14, passo 2.54 mm, fileiras 7.62 mm: confirmado pelo layout e soquetes do manual",,footprint_symbol_field_mismatch; lib_footprint_mismatch,96997fad-88d1-4fb7-8665-81168995b67e
FB1,HFBR-2521ETZ,oneTesla:HFBR-2521ETZ,10.16,63.5,90.0,"[{""num"": """", ""tipo"": ""np_thru_hole"", ""forma"": ""circle"", ""x"": -2.54, ""y"": -7.62, ""sx"": 1.651, ""sy"": 1.651, ""furo"": ""1.651"", ""rede"": """", ""bx"": 2.54, ""by"": 66.04}, {""num"": """", ""tipo"": ""np_thru_hole"", ""forma"": ""circle"", ""x"": 0.0, ""y"": 0.0, ""sx"": 3.2, ""sy"": 3.2, ""furo"": ""3.2"", ""rede"": """", ""bx"": 10.16, ""by"": 63.5}, {""num"": """", ""tipo"": ""np_thru_hole"", ""forma"": ""circle"", ""x"": 2.54, ""y"": -7.62, ""sx"": 1.651, ""sy"": 1.651, ""furo"": ""1.651"", ""rede"": """", ""bx"": 2.54, ""by"": 60.96}, {""num"": ""1"", ""tipo"": ""thru_hole"", ""forma"": ""circle"", ""x"": 0.0, ""y"": -5.08, ""sx"": 1.5, ""sy"": 1.5, ""furo"": ""0.8"", ""rede"": ""/OPTICAL_OUT"", ""bx"": 5.08, ""by"": 63.5}, {""num"": ""2"", ""tipo"": ""thru_hole"", ""forma"": ""circle"", ""x"": 1.905, ""y"": -5.08, ""sx"": 1.5, ""sy"": 1.5, ""furo"": ""0.8"", ""rede"": ""GND"", ""bx"": 5.08, ""by"": 61.595}, {""num"": ""3"", ""tipo"": ""thru_hole"", ""forma"": ""rect"", ""x"": -1.905, ""y"": -5.08, ""sx"": 1.5, ""sy"": 1.5, ""furo"": ""0.8"", ""rede"": ""+5V"", ""bx"": 5.08, ""by"": 65.405}, {""num"": ""4"", ""tipo"": ""thru_hole"", ""forma"": ""circle"", ""x"": 3.81, ""y"": -5.08, ""sx"": 1.5, ""sy"": 1.5, ""furo"": ""0.8"", ""rede"": ""+5V"", ""bx"": 5.08, ""by"": 59.69}]",1-2:1.9050; 2-3:3.8100; 3-4:5.7150,redes dos pads presentes conferem com netlist,"1 OUT, 2 GND, 3 VCC, 4 RL coerentes eletricamente; retenções 5/8 NC",8 elementos; 3 colisões DRC,0 ocorrências DRC associadas,igual,REPROVADO HFBR-2521ETZ: pitch 1.905 versus 2.54 mm datasheet; ordem espacial 3-1-2-4 adaptada de IFD95; F01,"HFBR-2521ETZ pad 1 OUT,2 GND,3 VCC,4 RL,5/8 retencao NC; variante selecionada, confirmar receptor do kit",,courtyards_overlap; footprint_symbol_field_mismatch; hole_clearance; lib_footprint_mismatch; net_conflict; npth_inside_courtyard; pth_inside_courtyard,9fa9a1ba-4537-43b2-9f87-389912ae0666
R6,100k 0.5W,oneTesla:R_Axial_DIN0309_L9.0mm_D3.2mm_P12.70mm_Horizontal,98.425,16.51,0,"[{""num"": ""1"", ""tipo"": ""thru_hole"", ""forma"": ""circle"", ""x"": -5.08, ""y"": 0.0, ""sx"": 1.6, ""sy"": 1.6, ""furo"": ""0.8128"", ""rede"": ""/DC_MID"", ""bx"": 93.345, ""by"": 16.51}, {""num"": ""2"", ""tipo"": ""thru_hole"", ""forma"": ""circle"", ""x"": 5.08, ""y"": 0.0, ""sx"": 1.6, ""sy"": 1.6, ""furo"": ""0.8128"", ""rede"": ""/DC_MINUS"", ""bx"": 103.505, ""by"": 16.51}]",1-2:10.1600,redes dos pads presentes conferem com netlist,Não polarizado,1 elementos; 1 colisões DRC,0 ocorrências DRC associadas,igual,"Pendente MPN 0.5 W: pitch real 10.16, nome 12.70; fab/silk não recentrados; F02",Pacote padronizado; conferir componente adquirido,,courtyards_overlap; footprint_symbol_field_mismatch,a8ca0788-aecd-47da-82e9-4bfc70362a18
SEM_REF_35,,oneTesla:MountingHole_D5.5,91.186,51.435,0,"[{""num"": """", ""tipo"": ""np_thru_hole"", ""forma"": ""circle"", ""x"": 0.0, ""y"": 0.0, ""sx"": 5.5, ""sy"": 5.5, ""furo"": ""5.5"", ""rede"": """", ""bx"": 91.186, ""by"": 51.435}]",,extra PCB; sem símbolo,NPTH não polarizado,0 elementos; 0 colisões DRC,0 ocorrências DRC associadas,biblioteca ausente,Furo mecânico sem referência/lib; conferir arruela/dissipador/standoff e isolamento,,,duplicate_footprints; extra_footprint; lib_footprint_issues; npth_inside_courtyard,b168aced-a020-41f0-9ecd-e2bf74278246
D2,1N4148,oneTesla:D_DO-35_SOD27_P7.62mm_Horizontal,15.24,61.595,0,"[{""num"": ""1"", ""tipo"": ""thru_hole"", ""forma"": ""roundrect"", ""x"": 0.0, ""y"": 0.0, ""sx"": 1.6, ""sy"": 1.6, ""furo"": ""0.8"", ""rede"": ""+5V"", ""bx"": 15.24, ""by"": 61.595}, {""num"": ""2"", ""tipo"": ""thru_hole"", ""forma"": ""circle"", ""x"": 7.62, ""y"": 0.0, ""sx"": 1.6, ""sy"": 1.6, ""furo"": ""0.8"", ""rede"": ""Net-(D1-K)"", ""bx"": 22.86, ""by"": 61.595}]",1-2:7.6200,redes dos pads presentes conferem com netlist,"Pad1 K, pad2 A; netlist coerente clamp inferior/superior",1 elementos; 1 colisões DRC,0 ocorrências DRC associadas,igual,DO35 P7.62 genérico; conferir MPN e faixa de cátodo na montagem,1N4148 DO-35 THT: confirmado; passo selecionado 7.62 mm,,courtyards_overlap; footprint_symbol_field_mismatch; pth_inside_courtyard,cc163ef4-b31c-4e0a-a526-6b594020e5ba
SEM_REF_37,,oneTesla:MountingHole_D4.0,102.3239,101.6762,0,"[{""num"": """", ""tipo"": ""np_thru_hole"", ""forma"": ""circle"", ""x"": 0.0, ""y"": 0.0, ""sx"": 4.0, ""sy"": 4.0, ""furo"": ""4"", ""rede"": """", ""bx"": 102.3239, ""by"": 101.6762}]",,extra PCB; sem símbolo,NPTH não polarizado,0 elementos; 0 colisões DRC,0 ocorrências DRC associadas,biblioteca ausente,Furo mecânico sem referência/lib; conferir arruela/dissipador/standoff e isolamento,,,duplicate_footprints; extra_footprint; lib_footprint_issues,d3b76e2a-64a4-465d-8b9e-638fd56f7995
J2,PE/CHASSIS,oneTesla:Chassis_PE_M3,102.362,2.7559,0,"[{""num"": ""1"", ""tipo"": ""thru_hole"", ""forma"": ""circle"", ""x"": 0.0, ""y"": 0.0, ""sx"": 5.1, ""sy"": 5.1, ""furo"": ""3.2"", ""rede"": ""/PE"", ""bx"": 102.362, ""by"": 2.7559}]",,redes dos pads presentes conferem com netlist,PE distinto de GND e DC_MINUS,1 elementos; 0 colisões DRC,0 ocorrências DRC associadas,igual,Furo3.2 M3 pad5.1; cobre só0.2059 da borda; resistência/torque/arruela/bonding não definidos; F05,Ponto PE/chassis M3 proposto; conferir fixacao e continuidade do chassis,Ponto explicito de ligacao PE ao chassis; inferido da trilha de terra e fixacao do layout.,copper_edge_clearance; footprint_symbol_field_mismatch,dbc3914a-4fb0-40c3-a253-822e51f3b78e
C2,1u,oneTesla:C_Disc_D7.5mm_W2.5mm_P5.00mm,15.875,47.665,-90.0,"[{""num"": ""1"", ""tipo"": ""thru_hole"", ""forma"": ""circle"", ""x"": 0.0, ""y"": 0.0, ""sx"": 2.0, ""sy"": 2.0, ""furo"": ""1"", ""rede"": ""+5V"", ""bx"": 15.875, ""by"": 47.665}, {""num"": ""2"", ""tipo"": ""thru_hole"", ""forma"": ""circle"", ""x"": 5.0, ""y"": 0.0, ""sx"": 2.0, ""sy"": 2.0, ""furo"": ""1"", ""rede"": ""GND"", ""bx"": 15.875, ""by"": 52.665}]",1-2:5.0000,redes dos pads presentes conferem com netlist,Não polarizados no símbolo,1 elementos; 1 colisões DRC,0 ocorrências DRC associadas,igual,"Disco P5, furos/pads inventariados; dielétrico/tensão/ESL/MPN desconhecidos; C4 deve suportar corrente do GDT",Pacote padronizado; conferir componente adquirido,,courtyards_overlap; footprint_symbol_field_mismatch; lib_footprint_mismatch,de58467c-30af-45e4-a3db-055c2b68fd87
C5,1u,oneTesla:C_Disc_D7.5mm_W2.5mm_P5.00mm,41.315,42.545,0,"[{""num"": ""1"", ""tipo"": ""thru_hole"", ""forma"": ""circle"", ""x"": 0.0, ""y"": 0.0, ""sx"": 2.0, ""sy"": 2.0, ""furo"": ""1"", ""rede"": ""+15V"", ""bx"": 41.315, ""by"": 42.545}, {""num"": ""2"", ""tipo"": ""thru_hole"", ""forma"": ""circle"", ""x"": 5.0, ""y"": 0.0, ""sx"": 2.0, ""sy"": 2.0, ""furo"": ""1"", ""rede"": ""GND"", ""bx"": 46.315, ""by"": 42.545}]",1-2:5.0000,redes dos pads presentes conferem com netlist,Não polarizados no símbolo,1 elementos; 1 colisões DRC,0 ocorrências DRC associadas,igual,"Disco P5, furos/pads inventariados; dielétrico/tensão/ESL/MPN desconhecidos; C4 deve suportar corrente do GDT",Pacote padronizado; conferir componente adquirido,,courtyards_overlap; footprint_symbol_field_mismatch; pth_inside_courtyard,e1bf0896-2690-47cc-b34a-a6374d477679
C13,100u 25V,oneTesla:CP_Radial_D8.0mm_P3.50mm,43.815,57.785,0,"[{""num"": ""1"", ""tipo"": ""thru_hole"", ""forma"": ""circle"", ""x"": -1.27, ""y"": 0.0, ""sx"": 1.6, ""sy"": 1.6, ""furo"": ""0.8128"", ""rede"": ""+15V"", ""bx"": 42.544999999999995, ""by"": 57.785}, {""num"": ""2"", ""tipo"": ""thru_hole"", ""forma"": ""circle"", ""x"": 1.27, ""y"": 0.0, ""sx"": 1.6, ""sy"": 1.6, ""furo"": ""0.8128"", ""rede"": ""GND"", ""bx"": 45.085, ""by"": 57.785}]",1-2:2.5400,redes dos pads presentes conferem com netlist,Pad1 positivo confere; corpo/silk deslocados em relação ao par de pads,1 elementos; 3 colisões DRC,0 ocorrências DRC associadas,igual,Pendente MPN: pitch real 2.54 versus nome 3.50; F02. C9 em +5 V; C8/C13 em +15 V,Pacote padronizado; conferir componente adquirido,,courtyards_overlap; footprint_symbol_field_mismatch; pth_inside_courtyard,e1eb67f7-0769-4c57-a480-830a7907fe19
IC4,UCC37321P,oneTesla:DIP-8_W7.62mm_Socket_LongPads,40.005,65.405,0,"[{""num"": ""1"", ""tipo"": ""thru_hole"", ""forma"": ""rect"", ""x"": 0.0, ""y"": 0.0, ""sx"": 1.6, ""sy"": 1.6, ""furo"": ""0.8128"", ""rede"": ""+15V"", ""bx"": 40.005, ""by"": 65.405}, {""num"": ""2"", ""tipo"": ""thru_hole"", ""forma"": ""circle"", ""x"": 0.0, ""y"": 2.54, ""sx"": 1.6, ""sy"": 1.6, ""furo"": ""0.8128"", ""rede"": ""Net-(IC2A-C)"", ""bx"": 40.005, ""by"": 67.94500000000001}, {""num"": ""3"", ""tipo"": ""thru_hole"", ""forma"": ""circle"", ""x"": 0.0, ""y"": 5.08, ""sx"": 1.6, ""sy"": 1.6, ""furo"": ""0.8128"", ""rede"": ""/DRIVE_ENABLE"", ""bx"": 40.005, ""by"": 70.485}, {""num"": ""4"", ""tipo"": ""thru_hole"", ""forma"": ""circle"", ""x"": 0.0, ""y"": 7.62, ""sx"": 1.6, ""sy"": 1.6, ""furo"": ""0.8128"", ""rede"": ""GND"", ""bx"": 40.005, ""by"": 73.025}, {""num"": ""5"", ""tipo"": ""thru_hole"", ""forma"": ""circle"", ""x"": 7.62, ""y"": 7.62, ""sx"": 1.6, ""sy"": 1.6, ""furo"": ""0.8128"", ""rede"": ""GND"", ""bx"": 47.625, ""by"": 73.025}, {""num"": ""6"", ""tipo"": ""thru_hole"", ""forma"": ""circle"", ""x"": 7.62, ""y"": 5.08, ""sx"": 1.6, ""sy"": 1.6, ""furo"": ""0.8128"", ""rede"": ""Net-(C4-Pad1)"", ""bx"": 47.625, ""by"": 70.485}, {""num"": ""7"", ""tipo"": ""thru_hole"", ""forma"": ""circle"", ""x"": 7.62, ""y"": 2.54, ""sx"": 1.6, ""sy"": 1.6, ""furo"": ""0.8128"", ""rede"": ""Net-(C4-Pad1)"", ""bx"": 47.625, ""by"": 67.94500000000001}, {""num"": ""8"", ""tipo"": ""thru_hole"", ""forma"": ""circle"", ""x"": 7.62, ""y"": 0.0, ""sx"": 1.6, ""sy"": 1.6, ""furo"": ""0.8128"", ""rede"": ""+15V"", ""bx"": 47.625, ""by"": 65.405}]",1-2:2.5400; 2-3:2.5400; 3-4:2.5400; 4-5:7.6200; 5-6:2.5400; 6-7:2.5400; 7-8:2.5400,redes dos pads presentes conferem com netlist,"UCC37321: VDD1/8, IN2, EN3, GND4/5, OUT6/7 conferem datasheet e netlist",1 elementos; 1 colisões DRC,0 ocorrências DRC associadas,igual,"PDIP8 P2.54 W7.62 coerente; soquete exato pendente; TI recomenda desacoplamento em ambos pares VDD/GND, não comprovado nesta geometria","DIP-8, passo 2.54 mm, fileiras 7.62 mm: confirmado pelo layout e soquetes do manual",,courtyards_overlap; footprint_symbol_field_mismatch,e326c1c3-e31c-4f7c-989c-d81b384540bc
IC1,74HCT14,oneTesla:DIP-14_W7.62mm_Socket_LongPads,19.05,55.245,90.0,"[{""num"": ""1"", ""tipo"": ""thru_hole"", ""forma"": ""rect"", ""x"": 0.0, ""y"": 0.0, ""sx"": 1.6, ""sy"": 1.6, ""furo"": ""0.8128"", ""rede"": ""Net-(D1-K)"", ""bx"": 19.05, ""by"": 55.245}, {""num"": ""2"", ""tipo"": ""thru_hole"", ""forma"": ""circle"", ""x"": 0.0, ""y"": 2.54, ""sx"": 1.6, ""sy"": 1.6, ""furo"": ""0.8128"", ""rede"": ""Net-(IC1-Pad2)"", ""bx"": 21.59, ""by"": 55.245}, {""num"": ""3"", ""tipo"": ""thru_hole"", ""forma"": ""circle"", ""x"": 0.0, ""y"": 5.08, ""sx"": 1.6, ""sy"": 1.6, ""furo"": ""0.8128"", ""rede"": ""Net-(IC1-Pad2)"", ""bx"": 24.130000000000003, ""by"": 55.245}, {""num"": ""4"", ""tipo"": ""thru_hole"", ""forma"": ""circle"", ""x"": 0.0, ""y"": 7.62, ""sx"": 1.6, ""sy"": 1.6, ""furo"": ""0.8128"", ""rede"": ""Net-(IC2A-C)"", ""bx"": 26.67, ""by"": 55.245}, {""num"": ""5"", ""tipo"": ""thru_hole"", ""forma"": ""circle"", ""x"": 0.0, ""y"": 10.16, ""sx"": 1.6, ""sy"": 1.6, ""furo"": ""0.8128"", ""rede"": ""Net-(IC2A-C)"", ""bx"": 29.21, ""by"": 55.245}, {""num"": ""6"", ""tipo"": ""thru_hole"", ""forma"": ""circle"", ""x"": 0.0, ""y"": 12.7, ""sx"": 1.6, ""sy"": 1.6, ""furo"": ""0.8128"", ""rede"": ""Net-(IC3-IN)"", ""bx"": 31.75, ""by"": 55.245}, {""num"": ""7"", ""tipo"": ""thru_hole"", ""forma"": ""circle"", ""x"": 0.0, ""y"": 15.24, ""sx"": 1.6, ""sy"": 1.6, ""furo"": ""0.8128"", ""rede"": ""GND"", ""bx"": 34.29, ""by"": 55.245}, {""num"": ""8"", ""tipo"": ""thru_hole"", ""forma"": ""circle"", ""x"": 7.62, ""y"": 15.24, ""sx"": 1.6, ""sy"": 1.6, ""furo"": ""0.8128"", ""rede"": ""unconnected-(IC1-Pad8)"", ""bx"": 34.29, ""by"": 47.625}, {""num"": ""9"", ""tipo"": ""thru_hole"", ""forma"": ""circle"", ""x"": 7.62, ""y"": 12.7, ""sx"": 1.6, ""sy"": 1.6, ""furo"": ""0.8128"", ""rede"": ""GND"", ""bx"": 31.75, ""by"": 47.625}, {""num"": ""10"", ""tipo"": ""thru_hole"", ""forma"": ""circle"", ""x"": 7.62, ""y"": 10.16, ""sx"": 1.6, ""sy"": 1.6, ""furo"": ""0.8128"", ""rede"": ""unconnected-(IC1-Pad10)"", ""bx"": 29.21, ""by"": 47.625}, {""num"": ""11"", ""tipo"": ""thru_hole"", ""forma"": ""circle"", ""x"": 7.62, ""y"": 7.62, ""sx"": 1.6, ""sy"": 1.6, ""furo"": ""0.8128"", ""rede"": ""GND"", ""bx"": 26.67, ""by"": 47.625}, {""num"": ""12"", ""tipo"": ""thru_hole"", ""forma"": ""circle"", ""x"": 7.62, ""y"": 5.08, ""sx"": 1.6, ""sy"": 1.6, ""furo"": ""0.8128"", ""rede"": ""Net-(IC2A-~{R})"", ""bx"": 24.130000000000003, ""by"": 47.625}, {""num"": ""13"", ""tipo"": ""thru_hole"", ""forma"": ""circle"", ""x"": 7.62, ""y"": 2.54, ""sx"": 1.6, ""sy"": 1.6, ""furo"": ""0.8128"", ""rede"": ""Net-(IC1-Pad13)"", ""bx"": 21.59, ""by"": 47.625}, {""num"": ""14"", ""tipo"": ""thru_hole"", ""forma"": ""circle"", ""x"": 7.62, ""y"": 0.0, ""sx"": 1.6, ""sy"": 1.6, ""furo"": ""0.8128"", ""rede"": ""+5V"", ""bx"": 19.05, ""by"": 47.625}]",1-2:2.5400; 2-3:2.5400; 3-4:2.5400; 4-5:2.5400; 5-6:2.5400; 6-7:2.5400; 7-8:7.6200; 8-9:2.5400; 9-10:2.5400; 10-11:2.5400; 11-12:2.5400; 12-13:2.5400; 13-14:2.5400,redes dos pads presentes conferem com netlist,DIP pad1 retangular e numeração padrão; alimentação/netlist conferem,1 elementos; 0 colisões DRC,0 ocorrências DRC associadas,igual,DIP14 P2.54 W7.62; furo0.8128 pad1.6; MPN/sufixo e soquete exatos desconhecidos; LongPads no nome não corresponde ao pad real,"DIP-14, passo 2.54 mm, fileiras 7.62 mm: confirmado pelo layout e soquetes do manual",,footprint_symbol_field_mismatch; lib_footprint_mismatch,e401bd33-165f-4baf-9227-aa5c08519578
J1,IEC C6,oneTesla:IEC_C6_CONFIRMAR,52.705,-3.429,0,"[{""num"": """", ""tipo"": ""np_thru_hole"", ""forma"": ""circle"", ""x"": -6.5, ""y"": 9.5, ""sx"": 3.0, ""sy"": 3.0, ""furo"": ""3"", ""rede"": """", ""bx"": 46.205, ""by"": 6.071}, {""num"": """", ""tipo"": ""np_thru_hole"", ""forma"": ""circle"", ""x"": 6.5, ""y"": 9.5, ""sx"": 3.0, ""sy"": 3.0, ""furo"": ""3"", ""rede"": """", ""bx"": 59.205, ""by"": 6.071}, {""num"": ""1"", ""tipo"": ""thru_hole"", ""forma"": ""rect"", ""x"": -7.0, ""y"": 14.5, ""sx"": 3.0, ""sy"": 3.0, ""furo"": ""1.5"", ""rede"": ""/AC_L"", ""bx"": 45.705, ""by"": 11.071}, {""num"": ""2"", ""tipo"": ""thru_hole"", ""forma"": ""circle"", ""x"": 7.0, ""y"": 14.5, ""sx"": 3.0, ""sy"": 3.0, ""furo"": ""1.5"", ""rede"": ""/AC_N"", ""bx"": 59.705, ""by"": 11.071}, {""num"": ""3"", ""tipo"": ""thru_hole"", ""forma"": ""circle"", ""x"": 0.0, ""y"": 14.5, ""sx"": 3.0, ""sy"": 3.0, ""furo"": ""1.5"", ""rede"": ""/PE"", ""bx"": 52.705, ""by"": 11.071}]",1-2:14.0000; 2-3:7.0000,redes dos pads presentes conferem com netlist,L1/N2/PE3 lógico; conferir vista e part number real,1 elementos; 2 colisões DRC,3 ocorrências DRC associadas,igual,IEC C6 sem MPN; trilha de rede invade furo mecânico F04; colisão PS1/F1,"PROVISORIO: entrada IEC C6; geometria e numeracao propostas, confirmar fabricante, L/N/PE e fixacao",,courtyards_overlap; footprint_symbol_field_mismatch; hole_clearance; npth_inside_courtyard; pth_inside_courtyard; silk_over_copper,e653be71-d40e-44ac-b3d0-19b2175e10f4
R1,1k 5W,oneTesla:R_Axial_Power_L25.0mm_W6.4mm_P30.48mm,11.43,86.36,90.0,"[{""num"": ""1"", ""tipo"": ""thru_hole"", ""forma"": ""circle"", ""x"": -11.43, ""y"": 0.0, ""sx"": 2.4, ""sy"": 2.4, ""furo"": ""1.3"", ""rede"": ""Net-(T3-S1)"", ""bx"": 11.43, ""by"": 97.78999999999999}, {""num"": ""2"", ""tipo"": ""thru_hole"", ""forma"": ""circle"", ""x"": 11.43, ""y"": 0.0, ""sx"": 2.4, ""sy"": 2.4, ""furo"": ""1.3"", ""rede"": ""Net-(D1-K)"", ""bx"": 11.43, ""by"": 74.93}]",1-2:22.8600,redes dos pads presentes conferem com netlist,Não polarizado,1 elementos; 6 colisões DRC,1 ocorrências DRC associadas,igual,"REPROVADO envelope: corpo declarado 25 mm, furos distam 22.86 mm; silk/fab deslocados 15.24 mm; F02",Pacote padronizado; conferir componente adquirido,,courtyards_overlap; footprint_symbol_field_mismatch; lib_footprint_mismatch; npth_inside_courtyard; pth_inside_courtyard; silk_over_copper,f0ce8a38-c9cb-496c-a9db-58279ac7b519
Q2,FGA60N65SMD,oneTesla:TO-3P-3_Horizontal_TabDown,71.9455,63.765,-90.0,"[{""num"": ""1"", ""tipo"": ""thru_hole"", ""forma"": ""rect"", ""x"": 0.0, ""y"": 0.0, ""sx"": 2.5, ""sy"": 4.5, ""furo"": ""1.4986"", ""rede"": ""/GATE_L"", ""bx"": 71.9455, ""by"": 63.765}, {""num"": ""2"", ""tipo"": ""thru_hole"", ""forma"": ""circle"", ""x"": 5.45, ""y"": 0.0, ""sx"": 2.5, ""sy"": 4.5, ""furo"": ""1.4986"", ""rede"": ""/SW_NODE"", ""bx"": 71.9455, ""by"": 69.215}, {""num"": ""3"", ""tipo"": ""thru_hole"", ""forma"": ""circle"", ""x"": 10.9, ""y"": 0.0, ""sx"": 2.5, ""sy"": 4.5, ""furo"": ""1.4986"", ""rede"": ""/DC_MINUS"", ""bx"": 71.9455, ""by"": 74.665}]",1-2:5.4500; 2-3:5.4500,redes dos pads presentes conferem com netlist,FGA60N65SMD G1/C2/E3 confere,30 elementos; 4 colisões DRC,0 ocorrências DRC associadas,igual,Pitch5.45 confere onsemi; furo1.4986 perto do envelope diagonal máx ~1.415 do terminal; dobra/dissipador/furo5.5 no PCB separados e pendentes; corpo fab15.5 não cobre máx16.2,"FGA60N65SMD TO-3P-3: G1 C2 E3, passo 5.45 mm; conferir altura das pernas dobradas para dissipador",,courtyards_overlap; footprint_symbol_field_mismatch; lib_footprint_mismatch; npth_inside_courtyard; pth_inside_courtyard,f4611130-8dad-4440-abb7-6f721649d1a2
Z1,1.5KE510CA,oneTesla:D_DO-201AD_P15.24mm_Horizontal,78.105,48.895,-90.0,"[{""num"": ""1"", ""tipo"": ""thru_hole"", ""forma"": ""circle"", ""x"": -7.366, ""y"": 0.0, ""sx"": 3.0, ""sy"": 3.0, ""furo"": ""1.1"", ""rede"": ""/DC_PLUS"", ""bx"": 78.105, ""by"": 41.529}, {""num"": ""2"", ""tipo"": ""thru_hole"", ""forma"": ""circle"", ""x"": 7.366, ""y"": 0.0, ""sx"": 3.0, ""sy"": 3.0, ""furo"": ""1.1"", ""rede"": ""/SW_NODE"", ""bx"": 78.105, ""by"": 56.261}]",1-2:14.7320,redes dos pads presentes conferem com netlist,1.5KE510CA bidirecional; não exigir cátodo elétrico apesar do K desenhado,1 elementos; 3 colisões DRC,0 ocorrências DRC associadas,igual,"DNP no esquema mas não no PCB; F08. Pitch real14.732, nome15.24; TVS não substitui clamp gate-emitter",Pacote padronizado; conferir componente adquirido,"Opcional / DNP, como informado no manual, etapa 6. Nao incluido no kit.",courtyards_overlap; footprint_symbol_field_mismatch; footprint_symbol_mismatch; lib_footprint_mismatch; pth_inside_courtyard,f8de40fa-b032-4279-8663-0ebc81eb5e73
C11,1000u 200V,oneTesla:CP_Radial_D30.0mm_P10.00mm_SnapIn,92.71,31.75,0,"[{""num"": ""1"", ""tipo"": ""thru_hole"", ""forma"": ""circle"", ""x"": -5.08, ""y"": 0.0, ""sx"": 4.0, ""sy"": 4.0, ""furo"": ""2"", ""rede"": ""/DC_MID"", ""bx"": 87.63, ""by"": 31.75}, {""num"": ""2"", ""tipo"": ""thru_hole"", ""forma"": ""circle"", ""x"": 5.08, ""y"": 0.0, ""sx"": 4.0, ""sy"": 4.0, ""furo"": ""2"", ""rede"": ""/DC_MINUS"", ""bx"": 97.78999999999999, ""by"": 31.75}]",1-2:10.1600,redes dos pads presentes conferem com netlist,Pad1 positivo confere com netlist; serigrafia deslocada 5 mm,1 elementos; 4 colisões DRC,0 ocorrências DRC associadas,igual,"REPROVADO envelope D30: centros distam 26.035 mm, sobreposição 3.965 mm; F03. Pitch 10.16, MPN desconhecido",Selecao D30/P10 snap-in; medir capacitores 1000uF adquiridos antes do PCB,,courtyards_overlap; footprint_symbol_field_mismatch; pth_inside_courtyard,fe62df3f-686e-4249-812d-c21aae89a436
