arquivo,bytes,sha256
.gitignore,48,ea85e2eec8d0bc401634f6a778690f20e3bfa55262563b41bba68c1bf0dd339a
README.md,14600,5197491bf8122d894499575728e528799e4c7ca13d43dd98242df8bdb9250d2d
fp-lib-table,330,ae7751bb4c7e6617f300ef77ea751bab9119986f3aee5b12ae18b4861fa163a8
library/Resistor_THT.pretty/R_Array_SIP10.kicad_mod,2469,2895234c09daf780f2358add0eb06593dfb61aa226ad2c87ff81e8d54d9e4e4b
library/Resistor_THT.pretty/R_Array_SIP11.kicad_mod,2556,0ac2c0292e93f6ecf6a5717f1ff4d4fe8e3210857d4cabe4c0759f4577def450
library/Resistor_THT.pretty/R_Array_SIP12.kicad_mod,2648,36c2bbce3d303476114bec43731f85f3b9ef7425eb7f283648c163e9b8a67a82
library/Resistor_THT.pretty/R_Array_SIP13.kicad_mod,2731,92b383c769df7a5c40cf40e3ad7598f83ba5948abbbd80835326df8064f15bf2
library/Resistor_THT.pretty/R_Array_SIP14.kicad_mod,2822,32b018af0ca809b83359d18fd9e374e97cc107caf5b09392e0e847720adf9256
library/Resistor_THT.pretty/R_Array_SIP4.kicad_mod,1940,f5234199c5c71a5f8a92b56c003fb87f469e2aba5ed722a984553e7d68fab5d0
library/Resistor_THT.pretty/R_Array_SIP5.kicad_mod,2030,f7f5fef303bb767b3f841a8468a24330ba9f4d47ce60479664a0caa2428214dd
library/Resistor_THT.pretty/R_Array_SIP6.kicad_mod,2119,19cdec2f5310912e5e43186e1cdd684b1bc7fae4d5bc76bb11904a3c3bcc8385
library/Resistor_THT.pretty/R_Array_SIP7.kicad_mod,2209,387109b9d3daf0546503fb24a82baec2eb5630984456bd96d145518b2ae54a4f
library/Resistor_THT.pretty/R_Array_SIP8.kicad_mod,2293,df55bf655d4ca63a19e483b242478cae4b4026edfe3eaa80f708e749a39f50a0
library/Resistor_THT.pretty/R_Array_SIP9.kicad_mod,2384,0a209bb1c10d6981008d7133676164936e5b2516b64704335dbee18b8948ab56
library/Resistor_THT.pretty/R_Axial_DIN0204_L3.6mm_D1.6mm_P1.90mm_Vertical.kicad_mod,1596,e05c258fe944128272e30bd7ba7835a9be100f0f6ae9c778770d028c560e50b7
library/Resistor_THT.pretty/R_Axial_DIN0204_L3.6mm_D1.6mm_P2.54mm_Vertical.kicad_mod,1647,302a6e4543594145875a524945a36182c9ad9d7d4dba6437cca32ddd96d7ab30
library/Resistor_THT.pretty/R_Axial_DIN0204_L3.6mm_D1.6mm_P5.08mm_Horizontal.kicad_mod,1959,efaad6258c100e30e7f584ca0e32b22f0d28ab25f85ee0c784c6d3a542f4ca69
library/Resistor_THT.pretty/R_Axial_DIN0204_L3.6mm_D1.6mm_P5.08mm_Vertical.kicad_mod,1647,039a9d16968ba90833e0a6120c4417f3ed70569813dd45a9a5f4c24eb09adad0
library/Resistor_THT.pretty/R_Axial_DIN0204_L3.6mm_D1.6mm_P7.62mm_Horizontal.kicad_mod,2249,1ead7169da0c901a1975930941fdf2509448075df827abb3b0e455188187ef99
library/Resistor_THT.pretty/R_Axial_DIN0207_L6.3mm_D2.5mm_P10.16mm_Horizontal.kicad_mod,2265,436baf6888e056b95e4e4391a6774467f071024466cd408208624c8d11b899df
library/Resistor_THT.pretty/R_Axial_DIN0207_L6.3mm_D2.5mm_P15.24mm_Horizontal.kicad_mod,2275,f55437dba8079e656792a69884f2602f62eb33937ae3aa189a34162ba02c81e4
library/Resistor_THT.pretty/R_Axial_DIN0207_L6.3mm_D2.5mm_P2.54mm_Vertical.kicad_mod,1648,66d0ead953a225ea54c39eddf8120f9b535a8c3087df19df43f09b86f49673db
library/Resistor_THT.pretty/R_Axial_DIN0207_L6.3mm_D2.5mm_P5.08mm_Vertical.kicad_mod,1648,ac753752801b4d5d1b109c148ded8093a2e925d7c6a7b4df092225b3d6ca4ea3
library/Resistor_THT.pretty/R_Axial_DIN0207_L6.3mm_D2.5mm_P7.62mm_Horizontal.kicad_mod,2268,04dc3b63a96f04a2750a0c9a566a5e02686ed169c83c595e81643b6c7f48b4eb
library/Resistor_THT.pretty/R_Axial_DIN0309_L9.0mm_D3.2mm_P12.70mm_Horizontal.kicad_mod,2266,b468af0e3e2a49ec40fba1b7f1ddf31c7f602e3b3e522d4c5561bd4ca9fa9238
library/Resistor_THT.pretty/R_Axial_DIN0309_L9.0mm_D3.2mm_P15.24mm_Horizontal.kicad_mod,2254,cab84c30b414a186bd4501d65008664b66725d70fae0a34769716aa61d1e348d
library/Resistor_THT.pretty/R_Axial_DIN0309_L9.0mm_D3.2mm_P2.54mm_Vertical.kicad_mod,1607,dea1b9eda15d2a0166377bfa887a695bdf24ec3a4d7695a318075ea37618c45e
library/Resistor_THT.pretty/R_Axial_DIN0309_L9.0mm_D3.2mm_P20.32mm_Horizontal.kicad_mod,2273,a1b181cd5384591c6faa63a619c82a1a0ea1ab22c9ffc637b5c62f8dc79fca43
library/Resistor_THT.pretty/R_Axial_DIN0309_L9.0mm_D3.2mm_P25.40mm_Horizontal.kicad_mod,2256,1164891f87b58eb48d029fa2ecf5066b4421e1a128e5d6fe705cb7ceb278651b
library/Resistor_THT.pretty/R_Axial_DIN0309_L9.0mm_D3.2mm_P5.08mm_Vertical.kicad_mod,1653,eaebcf3eadce10a9bb70f3cb468c98c161a0e459d70a1d638a16f1bd5040d48d
library/Resistor_THT.pretty/R_Axial_DIN0411_L9.9mm_D3.6mm_P12.70mm_Horizontal.kicad_mod,2191,98018a8293f5acfa57e0c38d799951f6f0b74ad45eb4f8a95c5e0227935f651d
library/Resistor_THT.pretty/R_Axial_DIN0411_L9.9mm_D3.6mm_P15.24mm_Horizontal.kicad_mod,2190,6e46bb994cc40df8059b9e8ab8c503eb0218c9bf4ae633ede87bc47ecab60f55
library/Resistor_THT.pretty/R_Axial_DIN0411_L9.9mm_D3.6mm_P20.32mm_Horizontal.kicad_mod,2194,38c98c9a95fe06ec4239d9c207191d05199690da9195b6fa331ce0542a6dcef2
library/Resistor_THT.pretty/R_Axial_DIN0411_L9.9mm_D3.6mm_P25.40mm_Horizontal.kicad_mod,2187,42c2c8d93f302c5d028cb65d5308687ea84a606201a8db136788d7c9a0a57401
library/Resistor_THT.pretty/R_Axial_DIN0411_L9.9mm_D3.6mm_P5.08mm_Vertical.kicad_mod,1574,e814714111a10a0663dbe74ff3a444d70b9f706f559a3884b184a37b50e3d23e
library/Resistor_THT.pretty/R_Axial_DIN0411_L9.9mm_D3.6mm_P7.62mm_Vertical.kicad_mod,1574,57bb2b777d9a737c0a74506d5e5026619ec28d85a83c072d109f27916b436ab3
library/Resistor_THT.pretty/R_Axial_DIN0414_L11.9mm_D4.5mm_P15.24mm_Horizontal.kicad_mod,2240,76628e7cddb185cbc70e10a399404443407f045e3d4fd0c4ec3540c6724b55ee
library/Resistor_THT.pretty/R_Axial_DIN0414_L11.9mm_D4.5mm_P20.32mm_Horizontal.kicad_mod,2244,af68e7ca755fcaed9c579e1fc315253d2c9293a0eb4494bb2c9fc4dd3287fd1b
library/Resistor_THT.pretty/R_Axial_DIN0414_L11.9mm_D4.5mm_P25.40mm_Horizontal.kicad_mod,2237,301d1e5c129e858b4c3840d3f6464baa5e084b66ea2986e638cb769258e14eba
library/Resistor_THT.pretty/R_Axial_DIN0414_L11.9mm_D4.5mm_P5.08mm_Vertical.kicad_mod,1613,cfeb4f0b83652451131d2437728ccc997a603ff91a65ee5a761541a2ee7068d5
library/Resistor_THT.pretty/R_Axial_DIN0414_L11.9mm_D4.5mm_P7.62mm_Vertical.kicad_mod,1613,0ff14ebb69a7a10dae25c689f889ac5d26ea048167caf98df76fce2f947d1575
library/Resistor_THT.pretty/R_Axial_DIN0516_L15.5mm_D5.0mm_P20.32mm_Horizontal.kicad_mod,2260,1954896680dff9fcf87f5bafb46ccdcbc9a06e5c515ec0b92261642750f49fae
library/Resistor_THT.pretty/R_Axial_DIN0516_L15.5mm_D5.0mm_P25.40mm_Horizontal.kicad_mod,2253,cac59a8519235f4818fa8b2a766fe1a57f73ac7d2790244f4bc529b1bd39fae5
library/Resistor_THT.pretty/R_Axial_DIN0516_L15.5mm_D5.0mm_P30.48mm_Horizontal.kicad_mod,2260,eef5c3551226342e205ecde3de5bd6685f9bc56858b909f25b45f6e3a3ecb3f9
library/Resistor_THT.pretty/R_Axial_DIN0516_L15.5mm_D5.0mm_P5.08mm_Vertical.kicad_mod,1640,780354609951dd77b7a5e832ac62b3ce5e237cb4aee365dc3603aeef6204e0c9
library/Resistor_THT.pretty/R_Axial_DIN0516_L15.5mm_D5.0mm_P7.62mm_Vertical.kicad_mod,1640,8c286b245f9be51bb60333bd60dd68d73fdebe74f8d5819924502c4388c1e14e
library/Resistor_THT.pretty/R_Axial_DIN0614_L14.3mm_D5.7mm_P15.24mm_Horizontal.kicad_mod,2214,76d26b109c738c39c946d11fc3360760ba0c5f107c0b68df834656935443b231
library/Resistor_THT.pretty/R_Axial_DIN0614_L14.3mm_D5.7mm_P20.32mm_Horizontal.kicad_mod,2203,f8e1c9b230b8988f46723031333a070c20818373d3ad0fe7a2493b997d519bd9
library/Resistor_THT.pretty/R_Axial_DIN0614_L14.3mm_D5.7mm_P25.40mm_Horizontal.kicad_mod,2196,0357fd5bb77545a0ad08df48f6407eb8ffd42c30d7f377f5b6bb422f68719353
library/Resistor_THT.pretty/R_Axial_DIN0614_L14.3mm_D5.7mm_P5.08mm_Vertical.kicad_mod,1572,af46ba3e5a42cc00a984bdda88532735d0117f5ee4ffcbb152a23559943e05e3
library/Resistor_THT.pretty/R_Axial_DIN0614_L14.3mm_D5.7mm_P7.62mm_Vertical.kicad_mod,1572,736513603251a1a61782ff9af5a184472024c88f3ff0751cae363edb7d85bf77
library/Resistor_THT.pretty/R_Axial_DIN0617_L17.0mm_D6.0mm_P20.32mm_Horizontal.kicad_mod,2220,21e429db7812246cc38fd3718b8b597da6ff1e843c6b90be5b83432bf33addce
library/Resistor_THT.pretty/R_Axial_DIN0617_L17.0mm_D6.0mm_P25.40mm_Horizontal.kicad_mod,2203,2b42ce5b8527f498aa07f448ab19f20ed0e69e13a8eb98e1f00cd1929c1fc5d4
library/Resistor_THT.pretty/R_Axial_DIN0617_L17.0mm_D6.0mm_P30.48mm_Horizontal.kicad_mod,2220,2be0b05d79ab3675a4a59067e058acee918829240e2cb5c734e62faafe184d50
library/Resistor_THT.pretty/R_Axial_DIN0617_L17.0mm_D6.0mm_P5.08mm_Vertical.kicad_mod,1610,3ae5b5fd9988f733829e43ea48c6f2f10d881262bf6367c87ad64ac6aaa5a224
library/Resistor_THT.pretty/R_Axial_DIN0617_L17.0mm_D6.0mm_P7.62mm_Vertical.kicad_mod,1610,2ddd0c43a4356dd69f630f01b885bd5f905ecd4f4536a59fdee6b2050b3e4379
library/Resistor_THT.pretty/R_Axial_DIN0918_L18.0mm_D9.0mm_P22.86mm_Horizontal.kicad_mod,2191,0be813ec54018e45b5b18c7926a838459544741ece46dfafbe422f1b2527bd44
library/Resistor_THT.pretty/R_Axial_DIN0918_L18.0mm_D9.0mm_P25.40mm_Horizontal.kicad_mod,2174,7bea6ce8f7f5646c25d31d4474686444afaeb64b35573aaa8fc072e7853f7815
library/Resistor_THT.pretty/R_Axial_DIN0918_L18.0mm_D9.0mm_P30.48mm_Horizontal.kicad_mod,2191,7e2ab1b329bb67a6252f007a9de3cd38b082dfe394ebfbc22be4d76acba0c8b2
library/Resistor_THT.pretty/R_Axial_DIN0918_L18.0mm_D9.0mm_P7.62mm_Vertical.kicad_mod,1567,327b0f93185bb4919aaf930d0269802436207214003fb71a864871e79758f080
library/Resistor_THT.pretty/R_Axial_DIN0922_L20.0mm_D9.0mm_P25.40mm_Horizontal.kicad_mod,2219,6be1e0e58d42d282d195a4ed979f2aa798cc6f96802ef6b969a54ee286c0a241
library/Resistor_THT.pretty/R_Axial_DIN0922_L20.0mm_D9.0mm_P30.48mm_Horizontal.kicad_mod,2236,292b9d7eaae3b0db6d8a08d1e8c5413573b209ed77f6ad52e7d9b3e183625462
library/Resistor_THT.pretty/R_Axial_DIN0922_L20.0mm_D9.0mm_P7.62mm_Vertical.kicad_mod,1612,bfc8579b4d9b362bf1486431f42af6b8ea44a4e3ad8cdcf6d595884b45af05c7
library/Resistor_THT.pretty/R_Axial_Power_L20.0mm_W6.4mm_P22.40mm.kicad_mod,2234,8a8dc35ce0930ca3e433343d9e6a619454a4edac7aa94dcf35aa9367049fe453
library/Resistor_THT.pretty/R_Axial_Power_L20.0mm_W6.4mm_P25.40mm.kicad_mod,2220,656e6b0f9081ca31fa5e5396ea43c89e6d19fb000b05964cd40d24d75aeee3b0
library/Resistor_THT.pretty/R_Axial_Power_L20.0mm_W6.4mm_P30.48mm.kicad_mod,2237,0e79a4b90a158962ab4c1bc0ab7b47eb97e36a139f9ac8b706f9445a0961df78
library/Resistor_THT.pretty/R_Axial_Power_L20.0mm_W6.4mm_P5.08mm_Vertical.kicad_mod,2127,1364dd17341e97a7e60d7741236fda9c03a78f303f9a5e7663f2a79252f34c11
library/Resistor_THT.pretty/R_Axial_Power_L20.0mm_W6.4mm_P7.62mm_Vertical.kicad_mod,2127,0f20f56716652dec48f868b1267be7b2e51b494496b1c42212fd3077e2ac9e09
library/Resistor_THT.pretty/R_Axial_Power_L25.0mm_W6.4mm_P27.94mm.kicad_mod,2251,d60e2066a4643b57ca2cef9231aefbcf5102c0d4332033c40dbd8d8dbcaf37e9
library/Resistor_THT.pretty/R_Axial_Power_L25.0mm_W6.4mm_P30.48mm.kicad_mod,2237,5558eba5f73ebe7ab6f57c7745a6fc5d9fba60b91835ce274fc493c573733869
library/Resistor_THT.pretty/R_Axial_Power_L25.0mm_W9.0mm_P10.16mm_Vertical.kicad_mod,2130,4a70cbc9ad8751324552ca0629fb846bdcb6a7678463c89c1656de1ba30cc820
library/Resistor_THT.pretty/R_Axial_Power_L25.0mm_W9.0mm_P27.94mm.kicad_mod,2243,d246768bb5a135bfe6cb06250f55a501d127c9d038fe71d528d77ce259055c62
library/Resistor_THT.pretty/R_Axial_Power_L25.0mm_W9.0mm_P30.48mm.kicad_mod,2229,2a65faf300bf4c6644ecb3229deadc44cbbfe147aa508c18f9d430b08fb5be24
library/Resistor_THT.pretty/R_Axial_Power_L25.0mm_W9.0mm_P7.62mm_Vertical.kicad_mod,2119,01e5f40d77647057e8673a2ff9c4408166f79bddda09023e186f42a346915a82
library/Resistor_THT.pretty/R_Axial_Power_L38.0mm_W6.4mm_P40.64mm.kicad_mod,2245,f1d7209079f8350ef6f7e8917f9ab3f09d81a1a6fefc50d5544d3aa99ba30dbc
library/Resistor_THT.pretty/R_Axial_Power_L38.0mm_W6.4mm_P45.72mm.kicad_mod,2237,6d50638924aee2475ec4c2d3503af50dcbf28cf3fa14658e7dd267f5e62c3d3d
library/Resistor_THT.pretty/R_Axial_Power_L38.0mm_W9.0mm_P40.64mm.kicad_mod,2237,26098c9fd5f3032f207172aa21230efc273f94f0af3cb3b45f2260e12994e54a
library/Resistor_THT.pretty/R_Axial_Power_L38.0mm_W9.0mm_P45.72mm.kicad_mod,2229,746c56ee444caae15d615dfb3b6620c535feb0cf978108ea97c0d73455216af3
library/Resistor_THT.pretty/R_Axial_Power_L48.0mm_W12.5mm_P10.16mm_Vertical.kicad_mod,2151,8c1e37cff86a0a609b01a651ce403d46815d62816a6d166f9c181cfa2178824e
library/Resistor_THT.pretty/R_Axial_Power_L48.0mm_W12.5mm_P55.88mm.kicad_mod,2246,0a9c3ff5a2250f6d2ef6492899b576cd749067115fd1764f46897859b4b1a6eb
library/Resistor_THT.pretty/R_Axial_Power_L48.0mm_W12.5mm_P60.96mm.kicad_mod,2241,5c225af442ded15000e803a0073c975d0a5dc532a75eac80e17fecfb5df3f89a
library/Resistor_THT.pretty/R_Axial_Power_L48.0mm_W12.5mm_P7.62mm_Vertical.kicad_mod,2072,07af842bbff91f2071c891ddec3e6c937c3dca771d272c742d0d950eb1ddee3d
library/Resistor_THT.pretty/R_Axial_Power_L50.0mm_W9.0mm_P55.88mm.kicad_mod,2231,3bb526c7cee8fc1807313c6dfd2f8c878369f31d0337be1469674071f52c6209
library/Resistor_THT.pretty/R_Axial_Power_L50.0mm_W9.0mm_P60.96mm.kicad_mod,2226,b9713c610b3369d0367b7ef5337397d1887caebea88d996f9ce0804cba1f7da4
library/Resistor_THT.pretty/R_Axial_Power_L60.0mm_W14.0mm_P10.16mm_Vertical.kicad_mod,2107,7a6c233140d1b5a4e4dc75e4c1f07d29aca8dfe826927ff14d71b893213516f5
library/Resistor_THT.pretty/R_Axial_Power_L60.0mm_W14.0mm_P66.04mm.kicad_mod,2212,424878c67c2349cca6d9ecf7740ee8f51737287e61a9f466ebc8de104f5a53b0
library/Resistor_THT.pretty/R_Axial_Power_L60.0mm_W14.0mm_P71.12mm.kicad_mod,2222,0fd57a3f401bd614f760783705e06ca4ed47c16911c111e5ca85b040916b6bcc
library/Resistor_THT.pretty/R_Axial_Power_L75.0mm_W9.0mm_P81.28mm.kicad_mod,2231,c40fab8ccaa84f0f16ea027e02bd4fd6b213241a2b1dc8287991e724ef2c3a5c
library/Resistor_THT.pretty/R_Axial_Power_L75.0mm_W9.0mm_P86.36mm.kicad_mod,2226,461781c0f84cc45f43048b7d970b432509355cc75e43c20ba75adfc58d8f62d1
library/Resistor_THT.pretty/R_Axial_Shunt_L22.2mm_W8.0mm_PS14.30mm_P25.40mm.kicad_mod,2399,58fdc8c6cbadd8f9b17a7111f8cf45be5bcba18a6a2ebd1e6893cdaef18f3c7d
library/Resistor_THT.pretty/R_Axial_Shunt_L22.2mm_W9.5mm_PS14.30mm_P25.40mm.kicad_mod,2407,e193e1a1668ac2438301b2df2020107d75694e785b943901e5acbdefed79d914
library/Resistor_THT.pretty/R_Axial_Shunt_L35.3mm_W9.5mm_PS25.40mm_P38.10mm.kicad_mod,2410,fca82a03168fa03b91d89f1908abff687eb63dc906fe72c395bf6d804eb10844
library/Resistor_THT.pretty/R_Axial_Shunt_L47.6mm_W12.7mm_PS34.93mm_P50.80mm.kicad_mod,2434,740a352f272e7669eb306fb7f97f612e4afaaa3d5df149ee081b44659c80087b
library/Resistor_THT.pretty/R_Axial_Shunt_L47.6mm_W9.5mm_PS34.93mm_P50.80mm.kicad_mod,2411,6ba5fdb420d64a8258206bb50cf7a8015db7eb2e92f9084dd157c08652e7cd0b
library/Resistor_THT.pretty/R_Bare_Metal_Element_L12.4mm_W4.8mm_P11.40mm.kicad_mod,3557,d844cef89d9b9a776971d3542c7ba4f31b922a1133096acc543b70d65e16a858
library/Resistor_THT.pretty/R_Bare_Metal_Element_L16.3mm_W4.8mm_P15.30mm.kicad_mod,3579,5837705cee05126db1d48e62dd85d2858d4af79745f96441065a2c4cc8a713ff
library/Resistor_THT.pretty/R_Bare_Metal_Element_L21.3mm_W4.8mm_P20.30mm.kicad_mod,3582,0a02c6cc84a26c39cb909ed1a0836f655e3ab65d5017aed37b96ac67b98cc66d
library/Resistor_THT.pretty/R_Box_L13.0mm_W4.0mm_P9.00mm.kicad_mod,1881,f5439b65f855ccea4cb71bde2364e0a79ae36f2c6d80b5ae8debae6da9e96f00
library/Resistor_THT.pretty/R_Box_L14.0mm_W5.0mm_P9.00mm.kicad_mod,1913,d4ac12ec415d8b86c33fc22c6c54443941bec3916db1f369940ce984c703035d
library/Resistor_THT.pretty/R_Box_L26.0mm_W5.0mm_P20.00mm.kicad_mod,1914,ff6a9d6651983a5e0940a8dbccf501776ae52be402ba62ed3ff7f5ed0da955c0
library/Resistor_THT.pretty/R_Box_L8.4mm_W2.5mm_P5.08mm.kicad_mod,1877,b9f7e2a263d2a6b4fee9ad4365ebd3a971e56eb722fd5db6e382dc76a827bb7c
library/Resistor_THT.pretty/R_Radial_Power_L11.0mm_W7.0mm_P5.00mm.kicad_mod,2139,269bd87fc881fb8680ebbdaabae019883395626658f532e1b115b465bd67df54
library/Resistor_THT.pretty/R_Radial_Power_L12.0mm_W8.0mm_P5.00mm.kicad_mod,2147,b8affe5111a100ea8cfada03f87d301e14bdec69c34a9f884d61c8a29b7dd4f4
library/Resistor_THT.pretty/R_Radial_Power_L13.0mm_W9.0mm_P5.00mm.kicad_mod,2139,df091b9d382e18c56e13bf8bcfcd33ba545e29e00c184c1f14911890df652c20
library/Resistor_THT.pretty/R_Radial_Power_L16.1mm_W9.0mm_P7.37mm.kicad_mod,2234,8d4149dcf576e3ef8a5044383d4e77139fba4660d15fdfb8115a71512f2d8922
library/Resistor_THT.pretty/R_Radial_Power_L7.0mm_W8.0mm_Px2.40mm_Py2.30mm.kicad_mod,2002,2cb963035e1301f4b18eabefbd3872d1d35560dbe94e6e3b7e050f3f9bc1777f
library/Resistor_THT.pretty/R_Radial_Power_L9.0mm_W10.0mm_Px2.70mm_Py2.30mm.kicad_mod,1931,932d224075226be26a06e6ecc90e92235e8ba7440ee057c6d57a198451b574d3
library/oneTesla.kicad_sym,119746,2d86bce0f85eb2d2d097fbe6c2b1f78c7f1b1dea8c9eeafeac400e069defe1fd
library/oneTesla.pretty/CDE_940C30S68K_F_CONFIRMAR.kicad_mod,1283,fd7c0d4828152df3f85c51f90e116c61d92ea3deb9b8552e0f85e0180ffc6191
library/oneTesla.pretty/CP_Radial_D12.5mm_P5.00mm.kicad_mod,34362,0881f4e78f5f7f9d7a3baaf1614fac2504e313306262e7545ec70c690021e0f7
library/oneTesla.pretty/CP_Radial_D30.0mm_P10.00mm_SnapIn.kicad_mod,70886,9eb322b667f865a206ddc944e293a09d89c4bf1fb1742e2ffcb29305d5fc07fe
library/oneTesla.pretty/CP_Radial_D8.0mm_P3.50mm.kicad_mod,23876,65d2c83c2c86a64e7881d947ce4c2ee9051e07eec9bdfe1723e42ad94f331cf0
library/oneTesla.pretty/CT_1_300_P12.70mm_CONFIRMAR.kicad_mod,1304,be11593a4855b76e9e3f8eafe53a6d4c91c73298dd61b84042784466fb2b84bb
library/oneTesla.pretty/C_Disc_D7.5mm_W2.5mm_P5.00mm.kicad_mod,2165,b74a0e376027537e871cdb41b13310f30f0f3ea47f492ce060f1b31dae9118d3
library/oneTesla.pretty/Chassis_PE_M3.kicad_mod,1059,9c004e1fb557864ea4a8350caac71af5dbe761bd2d96c487f75d4bed4435a430
library/oneTesla.pretty/DIP-14_W7.62mm_Socket_LongPads.kicad_mod,5378,1677daf61bd3bc9641199587ceb13b03e5e805f1c5509acc478ca0673c0f136e
library/oneTesla.pretty/DIP-8_W7.62mm.kicad_mod,3641,222fb44370968119abbd978176814cc43a71bc32ac2de275d8a3c418c0830fc6
library/oneTesla.pretty/DIP-8_W7.62mm_Socket_LongPads.kicad_mod,4467,f62f8a588e79c7d4151909e96d26faf8e7c9e1998ec34d54129fb6387d85a805
library/oneTesla.pretty/D_DO-201AD_P15.24mm_Horizontal.kicad_mod,3696,bc3c094c9767742b099ce97f5a4a88c0545641bea24e96ad42f9a0f5b015e9cd
library/oneTesla.pretty/D_DO-35_SOD27_P7.62mm_Horizontal.kicad_mod,3248,a053fbe6259d61a2f1c9a216214de690fddddfa9b2c8add5063bada8b33ff4c6
library/oneTesla.pretty/D_SMA.kicad_mod,4551,f7cba3b52ed8b34dce89170722de58324eac04e9e61a095e0eab37b9ca93cb7f
library/oneTesla.pretty/D_SMB.kicad_mod,4551,e25e9f4acef5b55585afebc48c685e151fd0d2f33a5c3c61f9fdf0389e19ae67
library/oneTesla.pretty/D_SMC.kicad_mod,4555,f17a366cbe28020fc5f12a4a5cecd11590af4d96b61ad8d82c33dc2393a3b64b
library/oneTesla.pretty/Diode_Bridge_DIP-4_W7.62mm_P5.08mm.kicad_mod,4789,b5db322ff314a90c21efcee1c8d46bba39dc717cdc54bfb8b5fc6a32830e90f7
library/oneTesla.pretty/Diode_Bridge_Vishay_KBU.kicad_mod,5546,24bdf67201ef59028c76a83ef7a36193d36638900b1b3bb22c233885de3fde28
library/oneTesla.pretty/EI30_12VAC_CONFIRMAR.kicad_mod,1425,b728dfd2fb4fa4e4d9969c1dbfb9ab7e9f6be9c8d283172b12f248d3ce162948
library/oneTesla.pretty/Fuseholder_Clip-5x20mm_Littelfuse_111_Inline_P20.00x5.00mm_D1.05mm_Horizontal.kicad_mod,7650,ad6ead05a37ff42f4b2fa13cb93716ae65967a94d35a59897778144564f3c283
library/oneTesla.pretty/GDT_6Pin_CONFIRMAR.kicad_mod,1867,2cf8c8e7a15a0458089d07f25eedcb606b854dbab46d71715c23550bc5eb97a4
library/oneTesla.pretty/HFBR-2521ETZ.kicad_mod,16481,b98c4c13aff3894e18b5968eb88cfa1ec32798bef056dcb5b17aff142a8cbeda
library/oneTesla.pretty/HLK-15M15BL.kicad_mod,2398,936f993cd8c3dc795cf18265b43b6c8e26a188182efdba4a13e2b8462ea6b442
library/oneTesla.pretty/IEC_C6_CONFIRMAR.kicad_mod,1619,cfb193e1b86273cda0dbd51e54959bf41cbff7bfb8c60d7ad17344966fada1ae
library/oneTesla.pretty/J110_WireLink_P10.16mm.kicad_mod,1216,3a3e370686ffa95169e0da50ee8a9f0b9b64a0cd50e2d3ee55dbda5b670383c7
library/oneTesla.pretty/Primary_Terminal_M6_CONFIRMAR.kicad_mod,1127,389b0e364be3014008c8807b1c90c24c4f19e23b9d40a22381ca294b00df7a1b
library/oneTesla.pretty/R_Axial_DIN0207_L6.3mm_D2.5mm_P7.62mm_Horizontal.kicad_mod,2761,58b4bad35c78cb7f33c76c99b8d8f08bb836b0ba742bcbbaffb6f7f73e5ffbe6
library/oneTesla.pretty/R_Axial_DIN0309_L9.0mm_D3.2mm_P12.70mm_Horizontal.kicad_mod,2703,aaa5338d88c6cd24c8185fa9bebf15e1b6ed3ac020f930fce0e9bddd71283936
library/oneTesla.pretty/R_Axial_Power_L25.0mm_W6.4mm_P30.48mm.kicad_mod,2669,94adae8cb3ad2511c29b0ed285d6b7a186d4aef02ac690a3f72ee2f3c41fc1ac
library/oneTesla.pretty/SOP-14_5.3x10.2mm_P1.27mm.kicad_mod,4841,af138f0b95afe42448e85fa2d15e67244cc3d3504c25bfb73fe978ad19e6e3c0
library/oneTesla.pretty/TO-3P-3_Horizontal_TabDown.kicad_mod,9204,ca74ee34f853d4aae118c65ea5636912a7008651cbe476cbf8a907e79125c9ad
library/oneTesla.pretty/TO-92_Inline.kicad_mod,4074,10b134643dbc4d7dd0ba3d17b19fec8e0afe9730be4657dac7f297dab5855c2b
misc/HLK-15W-BL_V1.0.pdf,1166054,1dc0555275bd4a4d4d5021ef7e3a45666139371faf063027656c118ba2114741
misc/driver.brd,472942,1a62a3a836f3acf01e3c4d54e217e1c93571bdcc76b6189e0da2dd740cca0acd
misc/driver.sch,1134934,a0dea6ad43a69f8fa121723315ec79a67f6882aca818ec17d6caec75f3f8d211
misc/layout_ref.png,214935,a7da83853539536a7a4b46114f422f673a1ea8fc5d17885720da36f165325e1e
misc/oneTesla.before-compact.kicad_sch,275896,87b13e37a72975c10d5735ceab3b6a75cae6b75efd4ed3ab59d46184c1d99bd6
misc/oneTesla.before-replication.kicad_sch,1034760,608f6474f5320740ee80635017c8cfc69de847242c7c337860bc9cad9a7d67aa
misc/oneTesla.saved-old-copy.kicad_sch,262088,c65b46abba346de00a9bd6d034f72113ae36d2d29c77f2a9c30ec5c1782f2019
misc/oneTeslaTS_Parts.pdf,45104,446399c7e6fc2d0ba1cc28fcd80df403d66efe3e55d50488fa5cd3adc1270059
misc/oneTeslaTS_User_Manual.pdf,2090804,0983309d8728c40c150aa23896516d117b5cf80728f44e56d71270bb04b903a4
misc/schematic_ref.png,54694,5866dbee96d0b87160307267b12da79533c0b4d834fb675e970e90cb72fd5eff
oneTesla-revisado.kicad_prl,2304,fa95758199563567d50d6743bf49b5381225cdfc61a03f19386e117cb62c3875
oneTesla-revisado.kicad_pro,8957,dd4102c2a84e7eb95b007265763c8627f5d7c046d275386dd675735e1ce825ca
oneTesla-revisado.kicad_sch,277595,eecca12ddd9d7046ea32dc2c03de874906cddc3ca7a80a642c728677e2901dec
oneTesla.kicad_pcb,1540126,1a6c2cd12fe5b514326fa52aa43aa173c1bbd9c09332bdb92932eb77029b4d3a
oneTesla.kicad_prl,2634,bceb5c00cac3269ece71c07c138ea0148e4bef3792acc37c71ec8e52807c614d
oneTesla.kicad_pro,16694,5be5319be0475013c8c5209689f37371a17936b7ca0baa6de13f8d77eb4b5354
oneTesla.kicad_sch,250761,27e265395b3b282e1fa50155c17964b79f35d66eee91aba732db43f1d98f377c
scripts/__pycache__/build_schematic.cpython-314.pyc,50340,d70f4139bd454d5b270cb0af663421f127e5f2f8a63970b382d4f7e870b87740
scripts/__pycache__/sexpr.cpython-314.pyc,4253,e40b787681352f986676fb8108d786916593f3dee173bb7e3a4d4b35dfcc02a2
scripts/build_pcb.py,26990,adec02f99e04ee12ed69bb3e60382e6b17f72d727ec3b84d3aca28d28dc70843
scripts/build_schematic.py,26913,c67c03b002733d342afbfe917b35c4bce56ba0f57c543b4052b42870a8ecf6f2
scripts/pcb_extract.py,3980,5131106a6cb96d4fe7194f338490c5d95bdd54b4d0adee7e306b68921a0851f9
scripts/pcb_patch_footprints.py,7504,9abce434591ff02ab79ea1c062af9319caadc1f009ed998aa2ff54e10eff2f89
scripts/pcb_refill.py,326,7029bb9fe11165be617657aa31b769529bd4b95f628f8de7064f4484929a4a6b
scripts/sexpr.py,1176,e0d5a00c0f6bca01e2039f810e9b0728a41c29782b0c6a377d5493a996f5b320
scripts/validate_schematic.py,4564,d39a91028d8e5fa21f4219adb8da8643dd6e44798df55d1ea9147487bb8b36e5
sym-lib-table,184,e2d15831fd561b22748d303798ab129735f94c8c7ad710ddedf7b4273aee4e02
