ref,num,tipo,forma,x,y,sx,sy,furo,rede,bx,by
Z2,1,thru_hole,circle,-7.366,0.0,3.0,3.0,1.1,/SW_NODE,78.105,59.944
Z2,2,thru_hole,circle,7.366,0.0,3.0,3.0,1.1,/DC_MINUS,78.105,74.676
P1,1,thru_hole,circle,0.0,0.0,4.0,4.0,2.2,Net-(CPR1-Pad2),41.275,91.44
D1,1,thru_hole,roundrect,0.0,0.0,1.6,1.6,0.8,Net-(D1-K),22.86,59.055
D1,2,thru_hole,circle,7.62,0.0,1.6,1.6,0.8,GND,15.239999999999998,59.055
C10,1,thru_hole,circle,-1.778,0.0,1.8,1.8,0.8128,+15V,4.571999999999999,43.815
C10,2,thru_hole,circle,1.778,0.0,1.8,1.8,0.8128,GND,8.128,43.815
C12,1,thru_hole,circle,-5.08,0.0,4.0,4.0,2,/DC_PLUS,61.595,31.75
C12,2,thru_hole,circle,5.08,0.0,4.0,4.0,2,/DC_MID,71.755,31.75
R2,1,thru_hole,circle,0.0,0.0,1.6,1.6,0.8,/OPTICAL_OUT,25.4,61.595
R2,2,thru_hole,circle,7.62,0.0,1.6,1.6,0.8,Net-(IC1-Pad13),33.019999999999996,61.595
C6,1,thru_hole,circle,0.0,0.0,2.0,2.0,1,+15V,41.315,62.23
C6,2,thru_hole,circle,5.0,0.0,2.0,2.0,1,GND,46.315,62.23
C9,1,thru_hole,circle,-1.27,0.0,1.6,1.6,0.8128,+5V,10.16,50.8
C9,2,thru_hole,circle,1.27,0.0,1.6,1.6,0.8128,GND,7.620000000000001,50.8
J110,1,thru_hole,circle,-5.08,0.0,4.0,4.0,2.2,/AC_N,78.105,10.795
J110,2,thru_hole,circle,5.08,0.0,4.0,4.0,2.2,/DC_MID,67.94500000000001,10.795
SEM_REF_10,,np_thru_hole,circle,0.0,0.0,4.0,4.0,4,,3.9243,102.1588
R3,1,thru_hole,circle,0.0,0.0,1.6,1.6,0.8,Net-(D1-K),25.4,59.055
R3,2,thru_hole,circle,7.62,0.0,1.6,1.6,0.8,Net-(IC1-Pad13),33.019999999999996,59.055
R5,1,thru_hole,circle,-5.08,0.0,1.6,1.6,0.8128,/DC_PLUS,84.455,20.32
R5,2,thru_hole,circle,5.08,0.0,1.6,1.6,0.8128,/DC_MID,74.295,20.32
JPRT1,1,thru_hole,circle,0.0,0.0,6.0,6.0,3.81,/DC_MID,101.6,94.615
IC3,1,thru_hole,rect,0.0,0.0,1.6,1.6,0.8128,+15V,40.005,45.72
IC3,2,thru_hole,circle,0.0,2.54,1.6,1.6,0.8128,Net-(IC3-IN),40.005,48.26
IC3,3,thru_hole,circle,0.0,5.08,1.6,1.6,0.8128,/DRIVE_ENABLE,40.005,50.8
IC3,4,thru_hole,circle,0.0,7.62,1.6,1.6,0.8128,GND,40.005,53.339999999999996
IC3,5,thru_hole,circle,7.62,7.62,1.6,1.6,0.8128,GND,47.625,53.339999999999996
IC3,6,thru_hole,circle,7.62,5.08,1.6,1.6,0.8128,Net-(IC3-OUT-Pad6),47.625,50.8
IC3,7,thru_hole,circle,7.62,2.54,1.6,1.6,0.8128,Net-(IC3-OUT-Pad6),47.625,48.26
IC3,8,thru_hole,circle,7.62,0.0,1.6,1.6,0.8128,+15V,47.625,45.72
C8,1,thru_hole,circle,-1.27,0.0,1.6,1.6,0.8128,+15V,42.544999999999995,38.1
C8,2,thru_hole,circle,1.27,0.0,1.6,1.6,0.8128,GND,45.085,38.1
C4,1,thru_hole,circle,0.0,0.0,2.0,2.0,1,Net-(C4-Pad1),53.38,71.755
C4,2,thru_hole,circle,5.0,0.0,2.0,2.0,1,Net-(T1-AB),58.38,71.755
D4,1,thru_hole,rect,0.0,0.0,2.8,2.8,1.4986,/DC_PLUS,73.025,15.875
D4,2,thru_hole,circle,10.16,0.0,2.8,2.8,1.4986,/AC_L_FUSED,83.185,15.875
D4,3,thru_hole,circle,5.08,0.0,2.8,2.8,1.4986,/AC_N,78.105,15.875
D4,4,thru_hole,circle,15.24,0.0,2.8,2.8,1.4986,/DC_MINUS,88.265,15.875
JPRT2,1,thru_hole,circle,0.0,0.0,6.0,6.0,3.81,Net-(CPR1-Pad2),88.9,102.235
C1,1,thru_hole,circle,0.0,0.0,2.0,2.0,1,+5V,9.485,56.515
C1,2,thru_hole,circle,5.0,0.0,2.0,2.0,1,GND,4.484999999999999,56.515
SEM_REF_20,,np_thru_hole,circle,0.0,0.0,5.5,5.5,5.5,,91.186,69.215
IC6,1,thru_hole,rect,-1.27,0.0,1.6,1.6,0.8128,+5V,3.81,52.07
IC6,2,thru_hole,circle,0.0,-1.905,1.6,1.6,0.8128,GND,1.905,50.8
IC6,3,thru_hole,circle,1.27,0.0,1.6,1.6,0.8128,+15V,3.81,49.529999999999994
PS1,1,thru_hole,rect,0.0,0.0,2.5,2.5,1.1,/AC_L_FUSED,44.25,22.0
PS1,2,thru_hole,circle,0.0,7.8,2.5,2.5,1.1,/AC_N,44.25,14.2
PS1,3,thru_hole,circle,42.5,-7.4,2.5,2.5,1.1,GND,1.7499999999999991,29.4
PS1,4,thru_hole,circle,42.5,15.2,2.5,2.5,1.1,+15V,1.7500000000000018,6.799999999999997
Q1,1,thru_hole,rect,0.0,0.0,2.5,4.5,1.4986,/GATE_H,71.9455,45.985
Q1,2,thru_hole,circle,5.45,0.0,2.5,4.5,1.4986,/DC_PLUS,71.9455,51.435
Q1,3,thru_hole,circle,10.9,0.0,2.5,4.5,1.4986,/SW_NODE,71.9455,56.885
CPR1,1,thru_hole,circle,-29.21,0.0,4.0,4.0,1.4,/SW_NODE,39.37,86.36
CPR1,2,thru_hole,circle,29.21,0.0,4.0,4.0,1.4,Net-(CPR1-Pad2),97.78999999999999,86.36
SEM_REF_25,,np_thru_hole,circle,0.0,0.0,4.0,4.0,4,,3.8735,2.3495
T3,1,thru_hole,circle,0.0,-6.35,2.5,2.5,1.27,Net-(T3-S1),30.48,97.78999999999999
T3,2,thru_hole,circle,0.0,6.35,2.5,2.5,1.27,GND,30.48,85.09
C3,1,thru_hole,circle,0.0,0.0,2.0,2.0,1,+5V,15.875,35.6
C3,2,thru_hole,circle,5.0,0.0,2.0,2.0,1,GND,15.875,40.6
T1,1,thru_hole,rect,-9.017,-4.572,2.2,2.2,1.016,Net-(T1-AA),55.753,67.437
T1,2,thru_hole,circle,-9.017,4.445,2.2,2.2,1.016,Net-(T1-AB),64.77000000000001,67.437
T1,3,thru_hole,circle,3.683,-4.445,2.2,2.2,1.016,/GATE_H,55.88,54.737
T1,4,thru_hole,circle,8.763,-4.445,2.2,2.2,1.016,/SW_NODE,55.88,49.657000000000004
T1,5,thru_hole,circle,8.763,4.445,2.2,2.2,1.016,/GATE_L,64.77000000000001,49.657000000000004
T1,6,thru_hole,circle,3.683,4.445,2.2,2.2,1.016,/DC_MINUS,64.77000000000001,54.737
P2,1,thru_hole,circle,0.0,0.0,4.0,4.0,2.2,/DC_MID,19.685,91.44
R4,1,thru_hole,circle,0.0,0.0,1.6,1.6,0.8,Net-(IC3-OUT-Pad6),52.705,53.975
R4,2,thru_hole,circle,7.62,0.0,1.6,1.6,0.8,Net-(T1-AA),52.705,61.595
F1,1,thru_hole,circle,5.08,0.0,2.5,2.5,1.1938,/AC_L,80.01,3.8099999999999996
F1,1,thru_hole,rect,10.16,0.0,2.5,2.5,1.1938,/AC_L,74.93,3.8099999999999987
F1,2,thru_hole,circle,-10.16,0.0,2.5,2.5,1.1938,/AC_L_FUSED,95.25,3.8100000000000014
F1,2,thru_hole,circle,-5.08,0.0,2.5,2.5,1.1938,/AC_L_FUSED,90.17,3.8100000000000005
IC2,1,thru_hole,rect,0.0,0.0,1.6,1.6,0.8128,Net-(IC2A-~{R}),19.05,42.545
IC2,2,thru_hole,circle,0.0,2.54,1.6,1.6,0.8128,+5V,21.59,42.545
IC2,3,thru_hole,circle,0.0,5.08,1.6,1.6,0.8128,Net-(IC2A-C),24.130000000000003,42.545
IC2,4,thru_hole,circle,0.0,7.62,1.6,1.6,0.8128,+5V,26.67,42.545
IC2,5,thru_hole,circle,0.0,10.16,1.6,1.6,0.8128,unconnected-(IC2A-Q-Pad5),29.21,42.545
IC2,6,thru_hole,circle,0.0,12.7,1.6,1.6,0.8128,/DRIVE_ENABLE,31.75,42.545
IC2,7,thru_hole,circle,0.0,15.24,1.6,1.6,0.8128,GND,34.29,42.545
IC2,8,thru_hole,circle,7.62,15.24,1.6,1.6,0.8128,unconnected-(IC2B-~{Q}-Pad8),34.29,34.925000000000004
IC2,9,thru_hole,circle,7.62,12.7,1.6,1.6,0.8128,unconnected-(IC2B-Q-Pad9),31.75,34.925000000000004
IC2,10,thru_hole,circle,7.62,10.16,1.6,1.6,0.8128,+5V,29.21,34.925000000000004
IC2,11,thru_hole,circle,7.62,7.62,1.6,1.6,0.8128,GND,26.67,34.925000000000004
IC2,12,thru_hole,circle,7.62,5.08,1.6,1.6,0.8128,GND,24.130000000000003,34.925000000000004
IC2,13,thru_hole,circle,7.62,2.54,1.6,1.6,0.8128,+5V,21.59,34.925000000000004
IC2,14,thru_hole,circle,7.62,0.0,1.6,1.6,0.8128,+5V,19.05,34.925000000000004
FB1,,np_thru_hole,circle,-2.54,-7.62,1.651,1.651,1.651,,2.54,66.04
FB1,,np_thru_hole,circle,0.0,0.0,3.2,3.2,3.2,,10.16,63.5
FB1,,np_thru_hole,circle,2.54,-7.62,1.651,1.651,1.651,,2.54,60.96
FB1,1,thru_hole,circle,0.0,-5.08,1.5,1.5,0.8,/OPTICAL_OUT,5.08,63.5
FB1,2,thru_hole,circle,1.905,-5.08,1.5,1.5,0.8,GND,5.08,61.595
FB1,3,thru_hole,rect,-1.905,-5.08,1.5,1.5,0.8,+5V,5.08,65.405
FB1,4,thru_hole,circle,3.81,-5.08,1.5,1.5,0.8,+5V,5.08,59.69
R6,1,thru_hole,circle,-5.08,0.0,1.6,1.6,0.8128,/DC_MID,93.345,16.51
R6,2,thru_hole,circle,5.08,0.0,1.6,1.6,0.8128,/DC_MINUS,103.505,16.51
SEM_REF_35,,np_thru_hole,circle,0.0,0.0,5.5,5.5,5.5,,91.186,51.435
D2,1,thru_hole,roundrect,0.0,0.0,1.6,1.6,0.8,+5V,15.24,61.595
D2,2,thru_hole,circle,7.62,0.0,1.6,1.6,0.8,Net-(D1-K),22.86,61.595
SEM_REF_37,,np_thru_hole,circle,0.0,0.0,4.0,4.0,4,,102.3239,101.6762
J2,1,thru_hole,circle,0.0,0.0,5.1,5.1,3.2,/PE,102.362,2.7559
C2,1,thru_hole,circle,0.0,0.0,2.0,2.0,1,+5V,15.875,47.665
C2,2,thru_hole,circle,5.0,0.0,2.0,2.0,1,GND,15.875,52.665
C5,1,thru_hole,circle,0.0,0.0,2.0,2.0,1,+15V,41.315,42.545
C5,2,thru_hole,circle,5.0,0.0,2.0,2.0,1,GND,46.315,42.545
C13,1,thru_hole,circle,-1.27,0.0,1.6,1.6,0.8128,+15V,42.544999999999995,57.785
C13,2,thru_hole,circle,1.27,0.0,1.6,1.6,0.8128,GND,45.085,57.785
IC4,1,thru_hole,rect,0.0,0.0,1.6,1.6,0.8128,+15V,40.005,65.405
IC4,2,thru_hole,circle,0.0,2.54,1.6,1.6,0.8128,Net-(IC2A-C),40.005,67.94500000000001
IC4,3,thru_hole,circle,0.0,5.08,1.6,1.6,0.8128,/DRIVE_ENABLE,40.005,70.485
IC4,4,thru_hole,circle,0.0,7.62,1.6,1.6,0.8128,GND,40.005,73.025
IC4,5,thru_hole,circle,7.62,7.62,1.6,1.6,0.8128,GND,47.625,73.025
IC4,6,thru_hole,circle,7.62,5.08,1.6,1.6,0.8128,Net-(C4-Pad1),47.625,70.485
IC4,7,thru_hole,circle,7.62,2.54,1.6,1.6,0.8128,Net-(C4-Pad1),47.625,67.94500000000001
IC4,8,thru_hole,circle,7.62,0.0,1.6,1.6,0.8128,+15V,47.625,65.405
IC1,1,thru_hole,rect,0.0,0.0,1.6,1.6,0.8128,Net-(D1-K),19.05,55.245
IC1,2,thru_hole,circle,0.0,2.54,1.6,1.6,0.8128,Net-(IC1-Pad2),21.59,55.245
IC1,3,thru_hole,circle,0.0,5.08,1.6,1.6,0.8128,Net-(IC1-Pad2),24.130000000000003,55.245
IC1,4,thru_hole,circle,0.0,7.62,1.6,1.6,0.8128,Net-(IC2A-C),26.67,55.245
IC1,5,thru_hole,circle,0.0,10.16,1.6,1.6,0.8128,Net-(IC2A-C),29.21,55.245
IC1,6,thru_hole,circle,0.0,12.7,1.6,1.6,0.8128,Net-(IC3-IN),31.75,55.245
IC1,7,thru_hole,circle,0.0,15.24,1.6,1.6,0.8128,GND,34.29,55.245
IC1,8,thru_hole,circle,7.62,15.24,1.6,1.6,0.8128,unconnected-(IC1-Pad8),34.29,47.625
IC1,9,thru_hole,circle,7.62,12.7,1.6,1.6,0.8128,GND,31.75,47.625
IC1,10,thru_hole,circle,7.62,10.16,1.6,1.6,0.8128,unconnected-(IC1-Pad10),29.21,47.625
IC1,11,thru_hole,circle,7.62,7.62,1.6,1.6,0.8128,GND,26.67,47.625
IC1,12,thru_hole,circle,7.62,5.08,1.6,1.6,0.8128,Net-(IC2A-~{R}),24.130000000000003,47.625
IC1,13,thru_hole,circle,7.62,2.54,1.6,1.6,0.8128,Net-(IC1-Pad13),21.59,47.625
IC1,14,thru_hole,circle,7.62,0.0,1.6,1.6,0.8128,+5V,19.05,47.625
J1,,np_thru_hole,circle,-6.5,9.5,3.0,3.0,3,,46.205,6.071
J1,,np_thru_hole,circle,6.5,9.5,3.0,3.0,3,,59.205,6.071
J1,1,thru_hole,rect,-7.0,14.5,3.0,3.0,1.5,/AC_L,45.705,11.071
J1,2,thru_hole,circle,7.0,14.5,3.0,3.0,1.5,/AC_N,59.705,11.071
J1,3,thru_hole,circle,0.0,14.5,3.0,3.0,1.5,/PE,52.705,11.071
R1,1,thru_hole,circle,-11.43,0.0,2.4,2.4,1.3,Net-(T3-S1),11.43,97.78999999999999
R1,2,thru_hole,circle,11.43,0.0,2.4,2.4,1.3,Net-(D1-K),11.43,74.93
Q2,1,thru_hole,rect,0.0,0.0,2.5,4.5,1.4986,/GATE_L,71.9455,63.765
Q2,2,thru_hole,circle,5.45,0.0,2.5,4.5,1.4986,/SW_NODE,71.9455,69.215
Q2,3,thru_hole,circle,10.9,0.0,2.5,4.5,1.4986,/DC_MINUS,71.9455,74.665
Z1,1,thru_hole,circle,-7.366,0.0,3.0,3.0,1.1,/DC_PLUS,78.105,41.529
Z1,2,thru_hole,circle,7.366,0.0,3.0,3.0,1.1,/SW_NODE,78.105,56.261
C11,1,thru_hole,circle,-5.08,0.0,4.0,4.0,2,/DC_MID,87.63,31.75
C11,2,thru_hole,circle,5.08,0.0,4.0,4.0,2,/DC_MINUS,97.78999999999999,31.75
